"id_estado_municipio","estado","descripcion_estado","municipio","descripcion_municipio"
-1,-1,"Sin clasificar",-1,"Sin clasificar"
48401001,1,"AGUASCALIENTES",1,"AGUASCALIENTES"
48401002,1,"AGUASCALIENTES",2,"ASIENTOS"
48401003,1,"AGUASCALIENTES",3,"CALVILLO"
48401004,1,"AGUASCALIENTES",4,"COSÍO"
48401005,1,"AGUASCALIENTES",5,"JESUS MARIA"
48401006,1,"AGUASCALIENTES",6,"PABELLON DE ARTEAGA"
48401007,1,"AGUASCALIENTES",7,"RINCON DE ROMOS"
48401008,1,"AGUASCALIENTES",8,"SAN JOSE DE GRACIA"
48401009,1,"AGUASCALIENTES",9,"TEPEZALA"
48401010,1,"AGUASCALIENTES",10,"EL LLANO"
48401011,1,"AGUASCALIENTES",11,"SAN FRANCISCO DE LOS ROMO"
48402001,2,"BAJA CALIFORNIA",1,"ENSENADA"
48402002,2,"BAJA CALIFORNIA",2,"MEXICALI"
48402003,2,"BAJA CALIFORNIA",3,"TECATE"
48402004,2,"BAJA CALIFORNIA",4,"TIJUANA"
48402005,2,"BAJA CALIFORNIA",5,"PLAYAS DE ROSARITO"
48402006,2,"BAJA CALIFORNIA",6,"SAN QUINTÍN"
48402007,2,"BAJA CALIFORNIA",7,"SAN FELIPE"
48403001,3,"BAJA CALIFORNIA SUR",1,"COMONDU"
48403002,3,"BAJA CALIFORNIA SUR",2,"MULEGE"
48403003,3,"BAJA CALIFORNIA SUR",3,"LA PAZ"
48403008,3,"BAJA CALIFORNIA SUR",8,"LOS CABOS"
48403009,3,"BAJA CALIFORNIA SUR",9,"LORETO"
48404001,4,"CAMPECHE",1,"CALKINI"
48404002,4,"CAMPECHE",2,"CAMPECHE"
48404003,4,"CAMPECHE",3,"CIUDAD DEL CARMEN"
48404004,4,"CAMPECHE",4,"CHAMPOTON"
48404005,4,"CAMPECHE",5,"HECELCHAKAN"
48404006,4,"CAMPECHE",6,"HOPELCHEN"
48404007,4,"CAMPECHE",7,"PALIZADA"
48404008,4,"CAMPECHE",8,"TENABO"
48404009,4,"CAMPECHE",9,"ESCARCEGA"
48404010,4,"CAMPECHE",10,"CALAKMUL"
48404011,4,"CAMPECHE",11,"CANDELARIA"
48404012,4,"CAMPECHE",12,"SEYBAPLAYA"
48404013,4,"CAMPECHE",13,"DZITBALCHÉ"
48405001,5,"COAHUILA DE ZARAGOZA",1,"ABASOLO"
48405002,5,"COAHUILA DE ZARAGOZA",2,"ACUÑA"
48405003,5,"COAHUILA DE ZARAGOZA",3,"ALLENDE"
48405004,5,"COAHUILA DE ZARAGOZA",4,"ARTEAGA"
48405005,5,"COAHUILA DE ZARAGOZA",5,"CANDELA"
48405006,5,"COAHUILA DE ZARAGOZA",6,"CASTAÑOS"
48405007,5,"COAHUILA DE ZARAGOZA",7,"CUATRO CIENEGAS"
48405008,5,"COAHUILA DE ZARAGOZA",8,"ESCOBEDO"
48405009,5,"COAHUILA DE ZARAGOZA",9,"FRANCISCO I. MADERO"
48405010,5,"COAHUILA DE ZARAGOZA",10,"FRONTERA"
48405011,5,"COAHUILA DE ZARAGOZA",11,"GENERAL CEPEDA"
48405012,5,"COAHUILA DE ZARAGOZA",12,"GUERRERO"
48405013,5,"COAHUILA DE ZARAGOZA",13,"HIDALGO"
48405014,5,"COAHUILA DE ZARAGOZA",14,"JIMENEZ"
48405015,5,"COAHUILA DE ZARAGOZA",15,"JUAREZ"
48405016,5,"COAHUILA DE ZARAGOZA",16,"LAMADRID"
48405017,5,"COAHUILA DE ZARAGOZA",17,"MATAMOROS"
48405018,5,"COAHUILA DE ZARAGOZA",18,"MONCLOVA"
48405019,5,"COAHUILA DE ZARAGOZA",19,"MORELOS"
48405020,5,"COAHUILA DE ZARAGOZA",20,"MUZQUIZ"
48405021,5,"COAHUILA DE ZARAGOZA",21,"NADADORES"
48405022,5,"COAHUILA DE ZARAGOZA",22,"NAVA"
48405023,5,"COAHUILA DE ZARAGOZA",23,"OCAMPO"
48405024,5,"COAHUILA DE ZARAGOZA",24,"PARRAS"
48405025,5,"COAHUILA DE ZARAGOZA",25,"PIEDRAS NEGRAS"
48405026,5,"COAHUILA DE ZARAGOZA",26,"PROGRESO"
48405027,5,"COAHUILA DE ZARAGOZA",27,"RAMOS ARIZPE"
48405028,5,"COAHUILA DE ZARAGOZA",28,"SABINAS"
48405029,5,"COAHUILA DE ZARAGOZA",29,"SACRAMENTO"
48405030,5,"COAHUILA DE ZARAGOZA",30,"SALTILLO"
48405031,5,"COAHUILA DE ZARAGOZA",31,"SAN BUENAVENTURA"
48405032,5,"COAHUILA DE ZARAGOZA",32,"SAN JUAN DE SABINAS"
48405033,5,"COAHUILA DE ZARAGOZA",33,"SAN PEDRO"
48405034,5,"COAHUILA DE ZARAGOZA",34,"SIERRA MOJADA"
48405035,5,"COAHUILA DE ZARAGOZA",35,"TORREON"
48405036,5,"COAHUILA DE ZARAGOZA",36,"VIESCA"
48405037,5,"COAHUILA DE ZARAGOZA",37,"VILLA UNION"
48405038,5,"COAHUILA DE ZARAGOZA",38,"ZARAGOZA"
48406001,6,"COLIMA",1,"ARMERIA"
48406002,6,"COLIMA",2,"COLIMA"
48406003,6,"COLIMA",3,"COMALA"
48406004,6,"COLIMA",4,"COQUIMATLAN"
48406005,6,"COLIMA",5,"CUAUHTEMOC"
48406006,6,"COLIMA",6,"IXTLAHUACAN"
48406007,6,"COLIMA",7,"MANZANILLO"
48406008,6,"COLIMA",8,"MINATITLAN"
48406009,6,"COLIMA",9,"TECOMAN"
48406010,6,"COLIMA",10,"VILLA DE ÁLVAREZ"
48407001,7,"CHIAPAS",1,"ACACOYAGUA"
48407002,7,"CHIAPAS",2,"ACALA"
48407003,7,"CHIAPAS",3,"ACAPETAHUA"
48407004,7,"CHIAPAS",4,"ALTAMIRANO"
48407005,7,"CHIAPAS",5,"AMATAN"
48407006,7,"CHIAPAS",6,"AMATENANGO DE LA FRONTERA"
48407007,7,"CHIAPAS",7,"AMATENANGO DEL VALLE"
48407008,7,"CHIAPAS",8,"ANGEL ALBINO CORZO"
48407009,7,"CHIAPAS",9,"ARRIAGA"
48407010,7,"CHIAPAS",10,"BEJUCAL DE OCAMPO"
48407011,7,"CHIAPAS",11,"BELLA VISTA"
48407012,7,"CHIAPAS",12,"BERRIOZABAL"
48407013,7,"CHIAPAS",13,"BOCHIL"
48407014,7,"CHIAPAS",14,"EL BOSQUE"
48407015,7,"CHIAPAS",15,"CACAHOATAN"
48407016,7,"CHIAPAS",16,"CATAZAJA"
48407017,7,"CHIAPAS",17,"CINTALAPA DE FIGUEROA"
48407018,7,"CHIAPAS",18,"COAPILLA"
48407019,7,"CHIAPAS",19,"COMITAN DE DOMINGUEZ"
48407020,7,"CHIAPAS",20,"LA CONCORDIA"
48407021,7,"CHIAPAS",21,"COPAINALA"
48407022,7,"CHIAPAS",22,"CHALCHIHUITÁN"
48407023,7,"CHIAPAS",23,"CHAMULA"
48407024,7,"CHIAPAS",24,"CHANAL"
48407025,7,"CHIAPAS",25,"CHAPULTENANGO"
48407026,7,"CHIAPAS",26,"CHENALHÓ"
48407027,7,"CHIAPAS",27,"CHIAPA DE CORZO"
48407028,7,"CHIAPAS",28,"CHIAPILLA"
48407029,7,"CHIAPAS",29,"CHICOASEN"
48407030,7,"CHIAPAS",30,"CHICOMUSELO"
48407031,7,"CHIAPAS",31,"CHILÓN"
48407032,7,"CHIAPAS",32,"ESCUINTLA"
48407033,7,"CHIAPAS",33,"FRANCISCO LEON"
48407034,7,"CHIAPAS",34,"FRONTERA COMALAPA"
48407035,7,"CHIAPAS",35,"FRONTERA HIDALGO"
48407036,7,"CHIAPAS",36,"LA GRANDEZA"
48407037,7,"CHIAPAS",37,"HUEHUETAN"
48407038,7,"CHIAPAS",38,"HUIXTÁN"
48407039,7,"CHIAPAS",39,"HUITIUPAN"
48407040,7,"CHIAPAS",40,"HUIXTLA"
48407041,7,"CHIAPAS",41,"LA INDEPENDENCIA"
48407042,7,"CHIAPAS",42,"IXHUATAN"
48407043,7,"CHIAPAS",43,"IXTACOMITAN"
48407044,7,"CHIAPAS",44,"IXTAPA"
48407045,7,"CHIAPAS",45,"IXTAPANGAJOYA"
48407046,7,"CHIAPAS",46,"JIQUIPILAS"
48407047,7,"CHIAPAS",47,"JITOTOL"
48407048,7,"CHIAPAS",48,"JUAREZ"
48407049,7,"CHIAPAS",49,"LARRÁINZAR"
48407050,7,"CHIAPAS",50,"LA LIBERTAD"
48407051,7,"CHIAPAS",51,"MAPASTEPEC"
48407052,7,"CHIAPAS",52,"LAS MARGARITAS"
48407053,7,"CHIAPAS",53,"MAZAPA DE MADERO"
48407054,7,"CHIAPAS",54,"MAZATAN"
48407055,7,"CHIAPAS",55,"METAPA"
48407056,7,"CHIAPAS",56,"MITONTIC"
48407057,7,"CHIAPAS",57,"MOTOZINTLA"
48407058,7,"CHIAPAS",58,"NICOLAS RUIZ"
48407059,7,"CHIAPAS",59,"OCOSINGO"
48407060,7,"CHIAPAS",60,"OCOTEPEC"
48407061,7,"CHIAPAS",61,"OCOZOCOAUTLA DE ESPINOSA"
48407062,7,"CHIAPAS",62,"OSTUACAN"
48407063,7,"CHIAPAS",63,"OSUMACINTA"
48407064,7,"CHIAPAS",64,"OXCHUC"
48407065,7,"CHIAPAS",65,"PALENQUE"
48407066,7,"CHIAPAS",66,"PANTELHO"
48407067,7,"CHIAPAS",67,"PANTEPEC"
48407068,7,"CHIAPAS",68,"PICHUCALCO"
48407069,7,"CHIAPAS",69,"PIJIJIAPAN"
48407070,7,"CHIAPAS",70,"EL PORVENIR"
48407071,7,"CHIAPAS",71,"VILLA COMALTITLAN"
48407072,7,"CHIAPAS",72,"PUEBLO NUEVO SOLISTAHUACAN"
48407073,7,"CHIAPAS",73,"RAYON"
48407074,7,"CHIAPAS",74,"REFORMA"
48407075,7,"CHIAPAS",75,"LAS ROSAS"
48407076,7,"CHIAPAS",76,"SABANILLA"
48407077,7,"CHIAPAS",77,"SALTO DE AGUA"
48407078,7,"CHIAPAS",78,"SAN CRISTÓBAL DE LAS CASAS"
48407079,7,"CHIAPAS",79,"SAN FERNANDO"
48407080,7,"CHIAPAS",80,"SILTEPEC"
48407081,7,"CHIAPAS",81,"SIMOJOVEL"
48407082,7,"CHIAPAS",82,"SITALA"
48407083,7,"CHIAPAS",83,"SOCOLTENANGO"
48407084,7,"CHIAPAS",84,"SOLOSUCHIAPA"
48407085,7,"CHIAPAS",85,"SOYALO"
48407086,7,"CHIAPAS",86,"SUCHIAPA"
48407087,7,"CHIAPAS",87,"SUCHIATE"
48407088,7,"CHIAPAS",88,"SUNUAPA"
48407089,7,"CHIAPAS",89,"TAPACHULA"
48407090,7,"CHIAPAS",90,"TAPALAPA"
48407091,7,"CHIAPAS",91,"TAPILULA"
48407092,7,"CHIAPAS",92,"TECPATAN"
48407093,7,"CHIAPAS",93,"TENEJAPA"
48407094,7,"CHIAPAS",94,"TEOPISCA"
48407096,7,"CHIAPAS",96,"TILA"
48407097,7,"CHIAPAS",97,"TONALA"
48407098,7,"CHIAPAS",98,"TOTOLAPA"
48407099,7,"CHIAPAS",99,"LA TRINITARIA"
48407100,7,"CHIAPAS",100,"TUMBALA"
48407101,7,"CHIAPAS",101,"TUXTLA GUTIERREZ"
48407102,7,"CHIAPAS",102,"TUXTLA CHICO"
48407103,7,"CHIAPAS",103,"TUZANTAN"
48407104,7,"CHIAPAS",104,"TZIMOL"
48407105,7,"CHIAPAS",105,"UNION JUAREZ"
48407106,7,"CHIAPAS",106,"VENUSTIANO CARRANZA"
48407107,7,"CHIAPAS",107,"VILLA CORZO"
48407108,7,"CHIAPAS",108,"VILLAFLORES"
48407109,7,"CHIAPAS",109,"YAJALON"
48407110,7,"CHIAPAS",110,"SAN LUCAS"
48407111,7,"CHIAPAS",111,"ZINACANTÁN"
48407112,7,"CHIAPAS",112,"SAN JUAN CANCUC"
48407113,7,"CHIAPAS",113,"ALDAMA"
48407114,7,"CHIAPAS",114,"BENEMERITO DE LAS AMERICAS"
48407115,7,"CHIAPAS",115,"MARAVILLA TENEJAPA"
48407116,7,"CHIAPAS",116,"MARQUES DE COMILLAS"
48407117,7,"CHIAPAS",117,"MONTECRISTO DE GUERRERO"
48407118,7,"CHIAPAS",118,"SAN ANDRES DURAZNAL"
48407119,7,"CHIAPAS",119,"SANTIAGO EL PINAR"
48407120,7,"CHIAPAS",120,"CAPITÁN LUIS ÁNGEL VIDAL"
48407121,7,"CHIAPAS",121,"RINCON CHAMULA SAN PEDRO"
48407122,7,"CHIAPAS",122,"EL PARRAL"
48407123,7,"CHIAPAS",123,"EMILIANO ZAPATA"
48407124,7,"CHIAPAS",124,"MEZCALAPA"
48407125,7,"CHIAPAS",125,"HONDURAS DE LA SIERRA"
48408001,8,"CHIHUAHUA",1,"AHUMADA"
48408002,8,"CHIHUAHUA",2,"ALDAMA"
48408003,8,"CHIHUAHUA",3,"ALLENDE"
48408004,8,"CHIHUAHUA",4,"AQUILES SERDAN"
48408005,8,"CHIHUAHUA",5,"ASCENSION"
48408006,8,"CHIHUAHUA",6,"BACHINIVA"
48408007,8,"CHIHUAHUA",7,"BALLEZA"
48408008,8,"CHIHUAHUA",8,"BATOPILAS DE MANUEL GÓMEZ MORÍN"
48408009,8,"CHIHUAHUA",9,"BOCOYNA"
48408010,8,"CHIHUAHUA",10,"BUENAVENTURA"
48408011,8,"CHIHUAHUA",11,"CAMARGO"
48408012,8,"CHIHUAHUA",12,"CARICHI"
48408013,8,"CHIHUAHUA",13,"CASAS GRANDES"
48408014,8,"CHIHUAHUA",14,"CORONADO"
48408015,8,"CHIHUAHUA",15,"COYAME DEL SOTOL"
48408016,8,"CHIHUAHUA",16,"LA CRUZ"
48408017,8,"CHIHUAHUA",17,"CUAUHTEMOC"
48408018,8,"CHIHUAHUA",18,"CUSIHUIRIACHI"
48408019,8,"CHIHUAHUA",19,"CHIHUAHUA"
48408020,8,"CHIHUAHUA",20,"CHÍNIPAS"
48408021,8,"CHIHUAHUA",21,"DELICIAS"
48408022,8,"CHIHUAHUA",22,"DR. BELISARIO DOMINGUEZ"
48408023,8,"CHIHUAHUA",23,"GALEANA"
48408024,8,"CHIHUAHUA",24,"SANTA ISABEL"
48408025,8,"CHIHUAHUA",25,"GOMEZ FARIAS"
48408026,8,"CHIHUAHUA",26,"GRAN MORELOS"
48408027,8,"CHIHUAHUA",27,"GUACHOCHI"
48408028,8,"CHIHUAHUA",28,"GUADALUPE"
48408029,8,"CHIHUAHUA",29,"GUADALUPE Y CALVO"
48408030,8,"CHIHUAHUA",30,"GUAZAPARES"
48408031,8,"CHIHUAHUA",31,"GUERRERO"
48408032,8,"CHIHUAHUA",32,"HIDALGO DEL PARRAL"
48408033,8,"CHIHUAHUA",33,"HUEJOTITAN"
48408034,8,"CHIHUAHUA",34,"IGNACIO ZARAGOZA"
48408035,8,"CHIHUAHUA",35,"JANOS"
48408036,8,"CHIHUAHUA",36,"JIMENEZ"
48408037,8,"CHIHUAHUA",37,"JUAREZ"
48408038,8,"CHIHUAHUA",38,"JULIMES"
48408039,8,"CHIHUAHUA",39,"LOPEZ"
48408040,8,"CHIHUAHUA",40,"MADERA"
48408041,8,"CHIHUAHUA",41,"MAGUARICHI"
48408042,8,"CHIHUAHUA",42,"MANUEL BENAVIDES"
48408043,8,"CHIHUAHUA",43,"MATACHÍ"
48408044,8,"CHIHUAHUA",44,"MATAMOROS"
48408045,8,"CHIHUAHUA",45,"MEOQUI"
48408046,8,"CHIHUAHUA",46,"MORELOS"
48408047,8,"CHIHUAHUA",47,"MORIS"
48408048,8,"CHIHUAHUA",48,"NAMIQUIPA"
48408049,8,"CHIHUAHUA",49,"NONOAVA"
48408050,8,"CHIHUAHUA",50,"NUEVO CASAS GRANDES"
48408051,8,"CHIHUAHUA",51,"OCAMPO"
48408052,8,"CHIHUAHUA",52,"OJINAGA"
48408053,8,"CHIHUAHUA",53,"PRAXEDIS G. GUERRERO"
48408054,8,"CHIHUAHUA",54,"RIVA PALACIO"
48408055,8,"CHIHUAHUA",55,"ROSALES"
48408056,8,"CHIHUAHUA",56,"ROSARIO"
48408057,8,"CHIHUAHUA",57,"SAN FRANCISCO DE BORJA"
48408058,8,"CHIHUAHUA",58,"SAN FRANCISCO DE CONCHOS"
48408059,8,"CHIHUAHUA",59,"SAN FRANCISCO DEL ORO"
48408060,8,"CHIHUAHUA",60,"SANTA BARBARA"
48408061,8,"CHIHUAHUA",61,"SATEVO"
48408062,8,"CHIHUAHUA",62,"SAUCILLO"
48408063,8,"CHIHUAHUA",63,"TEMOSACHIC"
48408064,8,"CHIHUAHUA",64,"EL TULE"
48408065,8,"CHIHUAHUA",65,"URIQUE"
48408066,8,"CHIHUAHUA",66,"URUACHI"
48408067,8,"CHIHUAHUA",67,"VALLE DE ZARAGOZA"
48409002,9,"CIUDAD DE MÉXICO",2,"AZCAPOTZALCO"
48409003,9,"CIUDAD DE MÉXICO",3,"COYOACAN"
48409004,9,"CIUDAD DE MÉXICO",4,"CUAJIMALPA DE MORELOS"
48409005,9,"CIUDAD DE MÉXICO",5,"GUSTAVO A. MADERO"
48409006,9,"CIUDAD DE MÉXICO",6,"IZTACALCO"
48409007,9,"CIUDAD DE MÉXICO",7,"IZTAPALAPA"
48409008,9,"CIUDAD DE MÉXICO",8,"LA MAGDALENA CONTRERAS"
48409009,9,"CIUDAD DE MÉXICO",9,"MILPA ALTA"
48409010,9,"CIUDAD DE MÉXICO",10,"ÁLVARO OBREGÓN"
48409011,9,"CIUDAD DE MÉXICO",11,"TLÁHUAC"
48409012,9,"CIUDAD DE MÉXICO",12,"TLALPAN"
48409013,9,"CIUDAD DE MÉXICO",13,"XOCHIMILCO"
48409014,9,"CIUDAD DE MÉXICO",14,"BENITO JUAREZ"
48409015,9,"CIUDAD DE MÉXICO",15,"CUAUHTEMOC"
48409016,9,"CIUDAD DE MÉXICO",16,"MIGUEL HIDALGO"
48409017,9,"CIUDAD DE MÉXICO",17,"VENUSTIANO CARRANZA"
48410001,10,"DURANGO",1,"CANATLAN"
48410002,10,"DURANGO",2,"CANELAS"
48410003,10,"DURANGO",3,"CONETO DE COMONFORT"
48410004,10,"DURANGO",4,"CUENCAME"
48410005,10,"DURANGO",5,"DURANGO"
48410006,10,"DURANGO",6,"GENERAL SIMON BOLIVAR"
48410007,10,"DURANGO",7,"GOMEZ PALACIO"
48410008,10,"DURANGO",8,"GUADALUPE VICTORIA"
48410009,10,"DURANGO",9,"GUANACEVI"
48410010,10,"DURANGO",10,"HIDALGO"
48410011,10,"DURANGO",11,"INDÉ"
48410012,10,"DURANGO",12,"LERDO"
48410013,10,"DURANGO",13,"MAPIMÍ"
48410014,10,"DURANGO",14,"MEZQUITAL"
48410015,10,"DURANGO",15,"NAZAS"
48410016,10,"DURANGO",16,"NOMBRE DE DIOS"
48410017,10,"DURANGO",17,"OCAMPO"
48410018,10,"DURANGO",18,"EL ORO"
48410019,10,"DURANGO",19,"OTAEZ"
48410020,10,"DURANGO",20,"PANUCO DE CORONADO"
48410021,10,"DURANGO",21,"PEÑON BLANCO"
48410022,10,"DURANGO",22,"POANAS"
48410023,10,"DURANGO",23,"PUEBLO NUEVO"
48410024,10,"DURANGO",24,"RODEO"
48410025,10,"DURANGO",25,"SAN BERNARDO"
48410026,10,"DURANGO",26,"SAN DIMAS"
48410027,10,"DURANGO",27,"SAN JUAN DE GUADALUPE"
48410028,10,"DURANGO",28,"SAN JUAN DEL RIO"
48410029,10,"DURANGO",29,"SAN LUIS DEL CORDERO"
48410030,10,"DURANGO",30,"SAN PEDRO DEL GALLO"
48410031,10,"DURANGO",31,"SANTA CLARA"
48410032,10,"DURANGO",32,"SANTIAGO PAPASQUIARO"
48410033,10,"DURANGO",33,"SUCHIL"
48410034,10,"DURANGO",34,"TAMAZULA"
48410035,10,"DURANGO",35,"TEPEHUANES"
48410036,10,"DURANGO",36,"TLAHUALILO"
48410037,10,"DURANGO",37,"TOPIA"
48410038,10,"DURANGO",38,"VICENTE GUERRERO"
48410039,10,"DURANGO",39,"NUEVO IDEAL"
48411001,11,"GUANAJUATO",1,"ABASOLO"
48411002,11,"GUANAJUATO",2,"ACAMBARO"
48411003,11,"GUANAJUATO",3,"SAN MIGUEL DE ALLENDE"
48411004,11,"GUANAJUATO",4,"APASEO EL ALTO"
48411005,11,"GUANAJUATO",5,"APASEO EL GRANDE"
48411006,11,"GUANAJUATO",6,"ATARJEA"
48411007,11,"GUANAJUATO",7,"CELAYA"
48411008,11,"GUANAJUATO",8,"MANUEL DOBLADO"
48411009,11,"GUANAJUATO",9,"COMONFORT"
48411010,11,"GUANAJUATO",10,"CORONEO"
48411011,11,"GUANAJUATO",11,"CORTAZAR"
48411012,11,"GUANAJUATO",12,"CUERAMARO"
48411013,11,"GUANAJUATO",13,"DOCTOR MORA"
48411014,11,"GUANAJUATO",14,"DOLORES HIDALGO CUNA DE LA INDEPENDENCIA NACIONAL"
48411015,11,"GUANAJUATO",15,"GUANAJUATO"
48411016,11,"GUANAJUATO",16,"HUANIMARO"
48411017,11,"GUANAJUATO",17,"IRAPUATO"
48411018,11,"GUANAJUATO",18,"JARAL DEL PROGRESO"
48411019,11,"GUANAJUATO",19,"JERECUARO"
48411020,11,"GUANAJUATO",20,"LEON"
48411021,11,"GUANAJUATO",21,"MOROLEON"
48411022,11,"GUANAJUATO",22,"OCAMPO"
48411023,11,"GUANAJUATO",23,"PENJAMO"
48411024,11,"GUANAJUATO",24,"PUEBLO NUEVO"
48411025,11,"GUANAJUATO",25,"PURISIMA DEL RINCON"
48411026,11,"GUANAJUATO",26,"ROMITA"
48411027,11,"GUANAJUATO",27,"SALAMANCA"
48411028,11,"GUANAJUATO",28,"SALVATIERRA"
48411029,11,"GUANAJUATO",29,"SAN DIEGO DE LA UNION"
48411030,11,"GUANAJUATO",30,"SAN FELIPE"
48411031,11,"GUANAJUATO",31,"SAN FRANCISCO DEL RINCON"
48411032,11,"GUANAJUATO",32,"SAN JOSE ITURBIDE"
48411033,11,"GUANAJUATO",33,"SAN LUIS DE LA PAZ"
48411034,11,"GUANAJUATO",34,"SANTA CATARINA"
48411035,11,"GUANAJUATO",35,"SANTA CRUZ DE JUVENTINO ROSAS"
48411036,11,"GUANAJUATO",36,"SANTIAGO MARAVATIO"
48411037,11,"GUANAJUATO",37,"SILAO DE LA VICTORIA"
48411038,11,"GUANAJUATO",38,"TARANDACUAO"
48411039,11,"GUANAJUATO",39,"TARIMORO"
48411040,11,"GUANAJUATO",40,"TIERRA BLANCA"
48411041,11,"GUANAJUATO",41,"URIANGATO"
48411042,11,"GUANAJUATO",42,"VALLE DE SANTIAGO"
48411043,11,"GUANAJUATO",43,"VICTORIA"
48411044,11,"GUANAJUATO",44,"VILLAGRAN"
48411045,11,"GUANAJUATO",45,"XICHU"
48411046,11,"GUANAJUATO",46,"YURIRIA"
48412001,12,"GUERRERO",1,"ACAPULCO DE JUAREZ"
48412002,12,"GUERRERO",2,"AHUACUOTZINGO"
48412003,12,"GUERRERO",3,"AJUCHITLAN DEL PROGRESO"
48412004,12,"GUERRERO",4,"ALCOZAUCA DE GUERRERO"
48412005,12,"GUERRERO",5,"ALPOYECA"
48412006,12,"GUERRERO",6,"APAXTLA"
48412007,12,"GUERRERO",7,"ARCELIA"
48412008,12,"GUERRERO",8,"ATENANGO DEL RIO"
48412009,12,"GUERRERO",9,"ATLAMAJALCINGO DEL MONTE"
48412010,12,"GUERRERO",10,"ATLIXTAC"
48412011,12,"GUERRERO",11,"ATOYAC DE ALVAREZ"
48412012,12,"GUERRERO",12,"AYUTLA DE LOS LIBRES"
48412013,12,"GUERRERO",13,"AZOYU"
48412014,12,"GUERRERO",14,"BENITO JUAREZ"
48412015,12,"GUERRERO",15,"BUENAVISTA DE CUELLAR"
48412016,12,"GUERRERO",16,"COAHUAYUTLA DE JOSE MARIA IZAZAGA"
48412017,12,"GUERRERO",17,"COCULA"
48412018,12,"GUERRERO",18,"COPALA"
48412019,12,"GUERRERO",19,"COPALILLO"
48412020,12,"GUERRERO",20,"COPANATOYAC"
48412021,12,"GUERRERO",21,"COYUCA DE BENITEZ"
48412022,12,"GUERRERO",22,"COYUCA DE CATALAN"
48412023,12,"GUERRERO",23,"CUAJINICUILAPA"
48412024,12,"GUERRERO",24,"CUALAC"
48412025,12,"GUERRERO",25,"CUAUTEPEC"
48412026,12,"GUERRERO",26,"CUETZALA DEL PROGRESO"
48412027,12,"GUERRERO",27,"CUTZAMALA DE PINZON"
48412028,12,"GUERRERO",28,"CHILAPA DE ALVAREZ"
48412029,12,"GUERRERO",29,"CHILPANCINGO DE LOS BRAVO"
48412030,12,"GUERRERO",30,"FLORENCIO VILLARREAL"
48412031,12,"GUERRERO",31,"GENERAL CANUTO A. NERI"
48412032,12,"GUERRERO",32,"GENERAL HELIODORO CASTILLO"
48412033,12,"GUERRERO",33,"HUAMUXTITLAN"
48412034,12,"GUERRERO",34,"HUITZUCO DE LOS FIGUEROA"
48412035,12,"GUERRERO",35,"IGUALA DE LA INDEPENDENCIA"
48412036,12,"GUERRERO",36,"IGUALAPA"
48412037,12,"GUERRERO",37,"IXCATEOPAN DE CUAUHTEMOC"
48412038,12,"GUERRERO",38,"ZIHUATANEJO DE AZUETA"
48412039,12,"GUERRERO",39,"JUAN R. ESCUDERO"
48412040,12,"GUERRERO",40,"LEONARDO BRAVO"
48412041,12,"GUERRERO",41,"MALINALTEPEC"
48412042,12,"GUERRERO",42,"MARTIR DE CUILAPAN"
48412043,12,"GUERRERO",43,"METLATONOC"
48412044,12,"GUERRERO",44,"MOCHITLAN"
48412045,12,"GUERRERO",45,"OLINALÁ"
48412046,12,"GUERRERO",46,"OMETEPEC"
48412047,12,"GUERRERO",47,"PEDRO ASCENCIO ALQUISIRAS"
48412048,12,"GUERRERO",48,"PETATLÁN"
48412049,12,"GUERRERO",49,"PILCAYA"
48412050,12,"GUERRERO",50,"PUNGARABATO"
48412051,12,"GUERRERO",51,"QUECHULTENANGO"
48412052,12,"GUERRERO",52,"SAN LUIS ACATLÁN"
48412053,12,"GUERRERO",53,"SAN MARCOS"
48412054,12,"GUERRERO",54,"SAN MIGUEL TOTOLAPAN"
48412055,12,"GUERRERO",55,"TAXCO DE ALARCÓN"
48412056,12,"GUERRERO",56,"TECOANAPA"
48412057,12,"GUERRERO",57,"TÉCPAN DE GALEANA"
48412058,12,"GUERRERO",58,"TELOLOAPAN"
48412059,12,"GUERRERO",59,"TEPECOACUILCO DE TRUJANO"
48412060,12,"GUERRERO",60,"TETIPAC"
48412061,12,"GUERRERO",61,"TIXTLA DE GUERRERO"
48412062,12,"GUERRERO",62,"TLACOACHISTLAHUACA"
48412063,12,"GUERRERO",63,"TLACOAPA"
48412064,12,"GUERRERO",64,"TLALCHAPA"
48412065,12,"GUERRERO",65,"TLALIXTAQUILLA DE MALDONADO"
48412066,12,"GUERRERO",66,"TLAPA DE COMONFORT"
48412067,12,"GUERRERO",67,"TLAPEHUALA"
48412068,12,"GUERRERO",68,"LA UNIÓN DE ISIDORO MONTES DE OCA"
48412069,12,"GUERRERO",69,"XALPATLÁHUAC"
48412070,12,"GUERRERO",70,"XOCHIHUEHUETLÁN"
48412071,12,"GUERRERO",71,"XOCHISTLAHUACA"
48412072,12,"GUERRERO",72,"ZAPOTITLÁN TABLAS"
48412073,12,"GUERRERO",73,"ZIRÁNDARO"
48412074,12,"GUERRERO",74,"ZITLALA"
48412075,12,"GUERRERO",75,"EDUARDO NERI"
48412076,12,"GUERRERO",76,"ACATEPEC"
48412077,12,"GUERRERO",77,"MARQUELIA"
48412078,12,"GUERRERO",78,"COCHOAPA EL GRANDE"
48412079,12,"GUERRERO",79,"JOSÉ JOAQUÍN DE HERRERA"
48412080,12,"GUERRERO",80,"JUCHITÁN"
48412081,12,"GUERRERO",81,"ILIATENCO"
48412082,12,"GUERRERO",82,"LAS VIGAS"
48412083,12,"GUERRERO",83,"ÑUU SAVI"
48412084,12,"GUERRERO",84,"SANTA CRUZ DEL RINCÓN"
48412085,12,"GUERRERO",85,"SAN NICOLÁS"
48413001,13,"HIDALGO",1,"ACATLÁN"
48413002,13,"HIDALGO",2,"ACAXOCHITLÁN"
48413003,13,"HIDALGO",3,"ACTOPAN"
48413004,13,"HIDALGO",4,"AGUA BLANCA DE ITURBIDE"
48413005,13,"HIDALGO",5,"AJACUBA"
48413006,13,"HIDALGO",6,"ALFAJAYUCAN"
48413007,13,"HIDALGO",7,"ALMOLOYA"
48413008,13,"HIDALGO",8,"APAN"
48413009,13,"HIDALGO",9,"EL ARENAL"
48413010,13,"HIDALGO",10,"ATITALAQUIA"
48413011,13,"HIDALGO",11,"ATLAPEXCO"
48413012,13,"HIDALGO",12,"ATOTONILCO EL GRANDE"
48413013,13,"HIDALGO",13,"ATOTONILCO DE TULA"
48413014,13,"HIDALGO",14,"CALNALI"
48413015,13,"HIDALGO",15,"CARDONAL"
48413016,13,"HIDALGO",16,"CUAUTEPEC DE HINOJOSA"
48413017,13,"HIDALGO",17,"CHAPANTONGO"
48413018,13,"HIDALGO",18,"CHAPULHUACÁN"
48413019,13,"HIDALGO",19,"CHILCUAUTLA"
48413020,13,"HIDALGO",20,"ELOXOCHITLÁN"
48413021,13,"HIDALGO",21,"EMILIANO ZAPATA"
48413022,13,"HIDALGO",22,"EPAZOYUCAN"
48413023,13,"HIDALGO",23,"FRANCISCO I. MADERO"
48413024,13,"HIDALGO",24,"HUASCA DE OCAMPO"
48413025,13,"HIDALGO",25,"HUAUTLA"
48413026,13,"HIDALGO",26,"HUAZALINGO"
48413027,13,"HIDALGO",27,"HUEHUETLA"
48413028,13,"HIDALGO",28,"HUEJUTLA DE REYES"
48413029,13,"HIDALGO",29,"HUICHAPAN"
48413030,13,"HIDALGO",30,"IXMIQUILPAN"
48413031,13,"HIDALGO",31,"JACALA DE LEDEZMA"
48413032,13,"HIDALGO",32,"JALTOCÁN"
48413033,13,"HIDALGO",33,"JUAREZ HIDALGO"
48413034,13,"HIDALGO",34,"LOLOTLA"
48413035,13,"HIDALGO",35,"METEPEC"
48413036,13,"HIDALGO",36,"SAN AGUSTÍN METZQUITITLÁN"
48413037,13,"HIDALGO",37,"METZTITLÁN"
48413038,13,"HIDALGO",38,"MINERAL DEL CHICO"
48413039,13,"HIDALGO",39,"MINERAL DEL MONTE"
48413040,13,"HIDALGO",40,"LA MISION"
48413041,13,"HIDALGO",41,"MIXQUIAHUALA DE JUÁREZ"
48413042,13,"HIDALGO",42,"MOLANGO DE ESCAMILLA"
48413043,13,"HIDALGO",43,"NICOLÁS FLORES"
48413044,13,"HIDALGO",44,"NOPALA DE VILLAGRÁN"
48413045,13,"HIDALGO",45,"OMITLÁN DE JUÁREZ"
48413046,13,"HIDALGO",46,"SAN FELIPE ORIZATLÁN"
48413047,13,"HIDALGO",47,"PACULA"
48413048,13,"HIDALGO",48,"PACHUCA DE SOTO"
48413049,13,"HIDALGO",49,"PISAFLORES"
48413050,13,"HIDALGO",50,"PROGRESO DE OBREGÓN"
48413051,13,"HIDALGO",51,"MINERAL DE LA REFORMA"
48413052,13,"HIDALGO",52,"SAN AGUSTÍN TLAXIACA"
48413053,13,"HIDALGO",53,"SAN BARTOLO TUTOTEPEC"
48413054,13,"HIDALGO",54,"SAN SALVADOR"
48413055,13,"HIDALGO",55,"SANTIAGO DE ANAYA"
48413056,13,"HIDALGO",56,"SANTIAGO TULANTEPEC DE LUGO GUERRERO"
48413057,13,"HIDALGO",57,"SINGUILUCAN"
48413058,13,"HIDALGO",58,"TASQUILLO"
48413059,13,"HIDALGO",59,"TECOZAUTLA"
48413060,13,"HIDALGO",60,"TENANGO DE DORIA"
48413061,13,"HIDALGO",61,"TEPEAPULCO"
48413062,13,"HIDALGO",62,"TEPEHUACÁN DE GUERRERO"
48413063,13,"HIDALGO",63,"TEPEJI DEL RÍO DE OCAMPO"
48413064,13,"HIDALGO",64,"TEPETITLAN"
48413065,13,"HIDALGO",65,"TETEPANGO"
48413066,13,"HIDALGO",66,"VILLA DE TEZONTEPEC"
48413067,13,"HIDALGO",67,"TEZONTEPEC DE ALDAMA"
48413068,13,"HIDALGO",68,"TIANGUISTENGO"
48413069,13,"HIDALGO",69,"TIZAYUCA"
48413070,13,"HIDALGO",70,"TLAHUELILPAN"
48413071,13,"HIDALGO",71,"TLAHUILTEPA"
48413072,13,"HIDALGO",72,"TLANALAPA"
48413073,13,"HIDALGO",73,"TLANCHINOL"
48413074,13,"HIDALGO",74,"TLAXCOAPAN"
48413075,13,"HIDALGO",75,"TOLCAYUCA"
48413076,13,"HIDALGO",76,"TULA DE ALLENDE"
48413077,13,"HIDALGO",77,"TULANCINGO DE BRAVO"
48413078,13,"HIDALGO",78,"XOCHIATIPAN"
48413079,13,"HIDALGO",79,"XOCHICOATLAN"
48413080,13,"HIDALGO",80,"YAHUALICA"
48413081,13,"HIDALGO",81,"ZACUALTIPAN DE ANGELES"
48413082,13,"HIDALGO",82,"ZAPOTLÁN DE JUÁREZ"
48413083,13,"HIDALGO",83,"ZEMPOALA"
48413084,13,"HIDALGO",84,"ZIMAPÁN"
48414001,14,"JALISCO",1,"ACATIC"
48414002,14,"JALISCO",2,"ACATLÁN DE JUÁREZ"
48414003,14,"JALISCO",3,"AHUALULCO DE MERCADO"
48414004,14,"JALISCO",4,"AMACUECA"
48414005,14,"JALISCO",5,"AMATITÁN"
48414006,14,"JALISCO",6,"AMECA"
48414007,14,"JALISCO",7,"SAN JUANITO DE ESCOBEDO"
48414008,14,"JALISCO",8,"ARANDAS"
48414009,14,"JALISCO",9,"EL ARENAL"
48414010,14,"JALISCO",10,"ATEMAJAC DE BRIZUELA"
48414011,14,"JALISCO",11,"ATENGO"
48414012,14,"JALISCO",12,"ATENGUILLO"
48414013,14,"JALISCO",13,"ATOTONILCO EL ALTO"
48414014,14,"JALISCO",14,"ATOYAC"
48414015,14,"JALISCO",15,"AUTLÁN DE NAVARRO"
48414016,14,"JALISCO",16,"AYOTLÁN"
48414017,14,"JALISCO",17,"AYUTLA"
48414018,14,"JALISCO",18,"LA BARCA"
48414019,14,"JALISCO",19,"BOLAÑOS"
48414020,14,"JALISCO",20,"CABO CORRIENTES"
48414021,14,"JALISCO",21,"CASIMIRO CASTILLO"
48414022,14,"JALISCO",22,"CIHUATLÁN"
48414023,14,"JALISCO",23,"ZAPOTLÁN EL GRANDE"
48414024,14,"JALISCO",24,"COCULA"
48414025,14,"JALISCO",25,"COLOTLÁN"
48414026,14,"JALISCO",26,"CONCEPCIÓN DE BUENOS AIRES"
48414027,14,"JALISCO",27,"CUAUTITLÁN DE GARCÍA BARRAGÁN"
48414028,14,"JALISCO",28,"CUAUTLA"
48414029,14,"JALISCO",29,"CUQUÍO"
48414030,14,"JALISCO",30,"CHAPALA"
48414031,14,"JALISCO",31,"CHIMALTITÁN"
48414032,14,"JALISCO",32,"CHIQUILISTLAN"
48414033,14,"JALISCO",33,"DEGOLLADO"
48414034,14,"JALISCO",34,"EJUTLA"
48414035,14,"JALISCO",35,"ENCARNACIÓN DE DÍAZ"
48414036,14,"JALISCO",36,"ETZATLÁN"
48414037,14,"JALISCO",37,"EL GRULLO"
48414038,14,"JALISCO",38,"GUACHINANGO"
48414039,14,"JALISCO",39,"GUADALAJARA"
48414040,14,"JALISCO",40,"HOSTOTIPAQUILLO"
48414041,14,"JALISCO",41,"HUEJÚCAR"
48414042,14,"JALISCO",42,"HUEJUQUILLA EL ALTO"
48414043,14,"JALISCO",43,"LA HUERTA"
48414044,14,"JALISCO",44,"IXTLAHUACÁN DE LOS MEMBRILLOS"
48414045,14,"JALISCO",45,"IXTLAHUACÁN DEL RÍO"
48414046,14,"JALISCO",46,"JALOSTOTITLÁN"
48414047,14,"JALISCO",47,"JAMAY"
48414048,14,"JALISCO",48,"JESÚS MARÍA"
48414049,14,"JALISCO",49,"JILOTLÁN DE LOS DOLORES"
48414050,14,"JALISCO",50,"JOCOTEPEC"
48414051,14,"JALISCO",51,"JUANACATLÁN"
48414052,14,"JALISCO",52,"JUCHITLAN"
48414053,14,"JALISCO",53,"LAGOS DE MORENO"
48414054,14,"JALISCO",54,"EL LIMÓN"
48414055,14,"JALISCO",55,"MAGDALENA"
48414056,14,"JALISCO",56,"SANTA MARÍA DEL ORO"
48414057,14,"JALISCO",57,"LA MANZANILLA DE LA PAZ"
48414058,14,"JALISCO",58,"MASCOTA"
48414059,14,"JALISCO",59,"MAZAMITLA"
48414060,14,"JALISCO",60,"MEXTICACÁN"
48414061,14,"JALISCO",61,"MEZQUITIC"
48414062,14,"JALISCO",62,"MIXTLÁN"
48414063,14,"JALISCO",63,"OCOTLÁN"
48414064,14,"JALISCO",64,"OJUELOS DE JALISCO"
48414065,14,"JALISCO",65,"PIHUAMO"
48414066,14,"JALISCO",66,"PONCITLÁN"
48414067,14,"JALISCO",67,"PUERTO VALLARTA"
48414068,14,"JALISCO",68,"VILLA PURIFICACIÓN"
48414069,14,"JALISCO",69,"QUITUPAN"
48414070,14,"JALISCO",70,"EL SALTO"
48414071,14,"JALISCO",71,"SAN CRISTÓBAL DE LA BARRANCA"
48414072,14,"JALISCO",72,"SAN DIEGO DE ALEJANDRÍA"
48414073,14,"JALISCO",73,"SAN JUAN DE LOS LAGOS"
48414074,14,"JALISCO",74,"SAN JULIÁN"
48414075,14,"JALISCO",75,"SAN MARCOS"
48414076,14,"JALISCO",76,"SAN MARTÍN DE BOLAÑOS"
48414077,14,"JALISCO",77,"SAN MARTÍN HIDALGO"
48414078,14,"JALISCO",78,"SAN MIGUEL EL ALTO"
48414079,14,"JALISCO",79,"GÓMEZ FARÍAS"
48414080,14,"JALISCO",80,"SAN SEBASTIÁN DEL OESTE"
48414081,14,"JALISCO",81,"SANTA MARÍA DE LOS ÁNGELES"
48414082,14,"JALISCO",82,"SAYULA"
48414083,14,"JALISCO",83,"TALA"
48414084,14,"JALISCO",84,"TALPA DE ALLENDE"
48414085,14,"JALISCO",85,"TAMAZULA DE GORDIANO"
48414086,14,"JALISCO",86,"TAPALPA"
48414087,14,"JALISCO",87,"TECALITLÁN"
48414088,14,"JALISCO",88,"TECOLOTLÁN"
48414089,14,"JALISCO",89,"TECHALUTA DE MONTENEGRO"
48414090,14,"JALISCO",90,"TENAMAXTLÁN"
48414091,14,"JALISCO",91,"TEOCALTICHE"
48414092,14,"JALISCO",92,"TEOCUITATLAN DE CORONA"
48414093,14,"JALISCO",93,"TEPATITLÁN DE MORELOS"
48414094,14,"JALISCO",94,"TEQUILA"
48414095,14,"JALISCO",95,"TEUCHITLÁN"
48414096,14,"JALISCO",96,"TIZAPAN EL ALTO"
48414097,14,"JALISCO",97,"TLAJOMULCO DE ZÚÑIGA"
48414098,14,"JALISCO",98,"TLAQUEPAQUE"
48414099,14,"JALISCO",99,"TOLIMÁN"
48414100,14,"JALISCO",100,"TOMATLÁN"
48414101,14,"JALISCO",101,"TONALÁ"
48414102,14,"JALISCO",102,"TONAYA"
48414103,14,"JALISCO",103,"TONILA"
48414104,14,"JALISCO",104,"TOTATICHE"
48414105,14,"JALISCO",105,"TOTOTLÁN"
48414106,14,"JALISCO",106,"TUXCACUESCO"
48414107,14,"JALISCO",107,"TUXCUECA"
48414108,14,"JALISCO",108,"TUXPAN"
48414109,14,"JALISCO",109,"UNIÓN DE SAN ANTONIO"
48414110,14,"JALISCO",110,"UNIÓN DE TULA"
48414111,14,"JALISCO",111,"VALLE DE GUADALUPE"
48414112,14,"JALISCO",112,"VALLE DE JUAREZ"
48414113,14,"JALISCO",113,"SAN GABRIEL"
48414114,14,"JALISCO",114,"VILLA CORONA"
48414115,14,"JALISCO",115,"VILLA GUERRERO"
48414116,14,"JALISCO",116,"VILLA HIDALGO"
48414117,14,"JALISCO",117,"CAÑADAS DE OBREGON"
48414118,14,"JALISCO",118,"YAHUALICA DE GONZÁLEZ GALLO"
48414119,14,"JALISCO",119,"ZACOALCO DE TORRES"
48414120,14,"JALISCO",120,"ZAPOPAN"
48414121,14,"JALISCO",121,"ZAPOTILTIC"
48414122,14,"JALISCO",122,"ZAPOTITLÁN DE VADILLO"
48414123,14,"JALISCO",123,"ZAPOTLÁN DEL REY"
48414124,14,"JALISCO",124,"ZAPOTLANEJO"
48414125,14,"JALISCO",125,"SAN IGNACIO CERRO GORDO"
48415001,15,"MÉXICO",1,"ACAMBAY DE RUÍZ CASTAÑEDA"
48415002,15,"MÉXICO",2,"ACOLMAN"
48415003,15,"MÉXICO",3,"ACULCO"
48415004,15,"MÉXICO",4,"ALMOLOYA DE ALQUISIRAS"
48415005,15,"MÉXICO",5,"ALMOLOYA DE JUÁREZ"
48415006,15,"MÉXICO",6,"ALMOLOYA DEL RÍO"
48415007,15,"MÉXICO",7,"AMANALCO"
48415008,15,"MÉXICO",8,"AMATEPEC"
48415009,15,"MÉXICO",9,"AMECAMECA"
48415010,15,"MÉXICO",10,"APAXCO"
48415011,15,"MÉXICO",11,"ATENCO"
48415012,15,"MÉXICO",12,"ATIZAPÁN"
48415013,15,"MÉXICO",13,"ATIZAPÁN DE ZARAGOZA"
48415014,15,"MÉXICO",14,"ATLACOMULCO"
48415015,15,"MÉXICO",15,"ATLAUTLA"
48415016,15,"MÉXICO",16,"AXAPUSCO"
48415017,15,"MÉXICO",17,"AYAPANGO"
48415018,15,"MÉXICO",18,"CALIMAYA"
48415019,15,"MÉXICO",19,"CAPULHUAC"
48415020,15,"MÉXICO",20,"COACALCO DE BERRIOZABAL"
48415021,15,"MÉXICO",21,"COATEPEC HARINAS"
48415022,15,"MÉXICO",22,"COCOTITLÁN"
48415023,15,"MÉXICO",23,"COYOTEPEC"
48415024,15,"MÉXICO",24,"CUAUTITLÁN"
48415025,15,"MÉXICO",25,"CHALCO"
48415026,15,"MÉXICO",26,"CHAPA DE MOTA"
48415027,15,"MÉXICO",27,"CHAPULTEPEC"
48415028,15,"MÉXICO",28,"CHIAUTLA"
48415029,15,"MÉXICO",29,"CHICOLOAPAN"
48415030,15,"MÉXICO",30,"CHICONCUAC"
48415031,15,"MÉXICO",31,"CHIMALHUACAN"
48415032,15,"MÉXICO",32,"DONATO GUERRA"
48415033,15,"MÉXICO",33,"ECATEPEC DE MORELOS"
48415034,15,"MÉXICO",34,"ECATZINGO"
48415035,15,"MÉXICO",35,"HUEHUETOCA"
48415036,15,"MÉXICO",36,"HUEYPOXTLA"
48415037,15,"MÉXICO",37,"HUIXQUILUCAN"
48415038,15,"MÉXICO",38,"ISIDRO FABELA"
48415039,15,"MÉXICO",39,"IXTAPALUCA"
48415040,15,"MÉXICO",40,"IXTAPAN DE LA SAL"
48415041,15,"MÉXICO",41,"IXTAPAN DEL ORO"
48415042,15,"MÉXICO",42,"IXTLAHUACA"
48415043,15,"MÉXICO",43,"XALATLACO"
48415044,15,"MÉXICO",44,"JALTENCO"
48415045,15,"MÉXICO",45,"JILOTEPEC"
48415046,15,"MÉXICO",46,"JILOTZINGO"
48415047,15,"MÉXICO",47,"JIQUIPILCO"
48415048,15,"MÉXICO",48,"JOCOTITLÁN"
48415049,15,"MÉXICO",49,"JOQUICINGO"
48415050,15,"MÉXICO",50,"JUCHITEPEC"
48415051,15,"MÉXICO",51,"LERMA"
48415052,15,"MÉXICO",52,"MALINALCO"
48415053,15,"MÉXICO",53,"MELCHOR OCAMPO"
48415054,15,"MÉXICO",54,"METEPEC"
48415055,15,"MÉXICO",55,"MEXICALTZINGO"
48415056,15,"MÉXICO",56,"MORELOS"
48415057,15,"MÉXICO",57,"NAUCALPAN DE JUÁREZ"
48415058,15,"MÉXICO",58,"NEZAHUALCOYOTL"
48415059,15,"MÉXICO",59,"NEXTLALPAN"
48415060,15,"MÉXICO",60,"NICOLÁS ROMERO"
48415061,15,"MÉXICO",61,"NOPALTEPEC"
48415062,15,"MÉXICO",62,"OCOYOACAC"
48415063,15,"MÉXICO",63,"OCUILAN"
48415064,15,"MÉXICO",64,"EL ORO"
48415065,15,"MÉXICO",65,"OTUMBA"
48415066,15,"MÉXICO",66,"OTZOLOAPAN"
48415067,15,"MÉXICO",67,"OTZOLOTEPEC"
48415068,15,"MÉXICO",68,"OZUMBA"
48415069,15,"MÉXICO",69,"PAPALOTLA"
48415070,15,"MÉXICO",70,"LOS REYES LA PAZ"
48415071,15,"MÉXICO",71,"POLOTITLÁN"
48415072,15,"MÉXICO",72,"RAYÓN"
48415073,15,"MÉXICO",73,"SAN ANTONIO LA ISLA"
48415074,15,"MÉXICO",74,"SAN FELIPE DEL PROGRESO"
48415075,15,"MÉXICO",75,"SAN MARTÍN DE LAS PIRÁMIDES"
48415076,15,"MÉXICO",76,"SAN MATEO ATENCO"
48415077,15,"MÉXICO",77,"SAN SIMÓN DE GUERRERO"
48415078,15,"MÉXICO",78,"SANTO TOMÁS"
48415079,15,"MÉXICO",79,"SOYANIQUILPAN DE JUAREZ"
48415080,15,"MÉXICO",80,"SULTEPEC"
48415081,15,"MÉXICO",81,"TECÁMAC"
48415082,15,"MÉXICO",82,"TEJUPILCO"
48415083,15,"MÉXICO",83,"TEMAMATLA"
48415084,15,"MÉXICO",84,"TEMASCALAPA"
48415085,15,"MÉXICO",85,"TEMASCALCINGO"
48415086,15,"MÉXICO",86,"TEMASCALTEPEC"
48415087,15,"MÉXICO",87,"TEMOAYA"
48415088,15,"MÉXICO",88,"TENANCINGO"
48415089,15,"MÉXICO",89,"TENANGO DEL AIRE"
48415090,15,"MÉXICO",90,"TENANGO DEL VALLE"
48415091,15,"MÉXICO",91,"TEOLOYUCAN"
48415092,15,"MÉXICO",92,"TEOTIHUACAN"
48415093,15,"MÉXICO",93,"TEPETLAOXTOC"
48415094,15,"MÉXICO",94,"TEPETLIXPA"
48415095,15,"MÉXICO",95,"TEPOTZOTLÁN"
48415096,15,"MÉXICO",96,"TEQUIXQUIAC"
48415097,15,"MÉXICO",97,"TEXCALTITLÁN"
48415098,15,"MÉXICO",98,"TEXCALYACAC"
48415099,15,"MÉXICO",99,"TEXCOCO"
48415100,15,"MÉXICO",100,"TEZOYUCA"
48415101,15,"MÉXICO",101,"TIANGUISTENCO"
48415102,15,"MÉXICO",102,"TIMILPAN"
48415103,15,"MÉXICO",103,"TLALMANALCO"
48415104,15,"MÉXICO",104,"TLALNEPANTLA DE BAZ"
48415105,15,"MÉXICO",105,"TLATLAYA"
48415106,15,"MÉXICO",106,"TOLUCA"
48415107,15,"MÉXICO",107,"TONATICO"
48415108,15,"MÉXICO",108,"TULTEPEC"
48415109,15,"MÉXICO",109,"TULTITLAN"
48415110,15,"MÉXICO",110,"VALLE DE BRAVO"
48415111,15,"MÉXICO",111,"VILLA DE ALLENDE"
48415112,15,"MÉXICO",112,"VILLA DEL CARBÓN"
48415113,15,"MÉXICO",113,"VILLA GUERRERO"
48415114,15,"MÉXICO",114,"VILLA VICTORIA"
48415115,15,"MÉXICO",115,"XONACATLÁN"
48415116,15,"MÉXICO",116,"ZACAZONAPAN"
48415117,15,"MÉXICO",117,"ZACUALPAN"
48415118,15,"MÉXICO",118,"ZINACANTEPEC"
48415119,15,"MÉXICO",119,"ZUMPAHUACÁN"
48415120,15,"MÉXICO",120,"ZUMPANGO"
48415121,15,"MÉXICO",121,"CUAUTITLÁN IZCALLI"
48415122,15,"MÉXICO",122,"VALLE DE CHALCO SOLIDARIDAD"
48415123,15,"MÉXICO",123,"LUVIANOS"
48415124,15,"MÉXICO",124,"SAN JOSÉ DEL RINCÓN"
48415125,15,"MÉXICO",125,"TONANITLA"
48416001,16,"MICHOACÁN DE OCAMPO",1,"ACUITZIO"
48416002,16,"MICHOACÁN DE OCAMPO",2,"AGUILILLA"
48416003,16,"MICHOACÁN DE OCAMPO",3,"ÁLVARO OBREGÓN"
48416004,16,"MICHOACÁN DE OCAMPO",4,"ANGAMACUTIRO"
48416005,16,"MICHOACÁN DE OCAMPO",5,"ANGANGUEO"
48416006,16,"MICHOACÁN DE OCAMPO",6,"APATZINGÁN"
48416007,16,"MICHOACÁN DE OCAMPO",7,"APORO"
48416008,16,"MICHOACÁN DE OCAMPO",8,"AQUILA"
48416009,16,"MICHOACÁN DE OCAMPO",9,"ARIO"
48416010,16,"MICHOACÁN DE OCAMPO",10,"ARTEAGA"
48416011,16,"MICHOACÁN DE OCAMPO",11,"BRISEÑAS"
48416012,16,"MICHOACÁN DE OCAMPO",12,"BUENAVISTA"
48416013,16,"MICHOACÁN DE OCAMPO",13,"CARÁCUARO"
48416014,16,"MICHOACÁN DE OCAMPO",14,"COAHUAYANA"
48416015,16,"MICHOACÁN DE OCAMPO",15,"COALCOMÁN DE VÁZQUEZ PALLARES"
48416016,16,"MICHOACÁN DE OCAMPO",16,"COENEO"
48416017,16,"MICHOACÁN DE OCAMPO",17,"CONTEPEC"
48416018,16,"MICHOACÁN DE OCAMPO",18,"COPÁNDARO"
48416019,16,"MICHOACÁN DE OCAMPO",19,"COTIJA"
48416020,16,"MICHOACÁN DE OCAMPO",20,"CUITZEO"
48416021,16,"MICHOACÁN DE OCAMPO",21,"CHARAPAN"
48416022,16,"MICHOACÁN DE OCAMPO",22,"CHARO"
48416023,16,"MICHOACÁN DE OCAMPO",23,"CHAVINDA"
48416024,16,"MICHOACÁN DE OCAMPO",24,"CHERAN"
48416025,16,"MICHOACÁN DE OCAMPO",25,"CHILCHOTA"
48416026,16,"MICHOACÁN DE OCAMPO",26,"CHINICUILA"
48416027,16,"MICHOACÁN DE OCAMPO",27,"CHUCÁNDIRO"
48416028,16,"MICHOACÁN DE OCAMPO",28,"CHURINTZIO"
48416029,16,"MICHOACÁN DE OCAMPO",29,"CHURUMUCO"
48416030,16,"MICHOACÁN DE OCAMPO",30,"ECUANDUREO"
48416031,16,"MICHOACÁN DE OCAMPO",31,"EPITACIO HUERTA"
48416032,16,"MICHOACÁN DE OCAMPO",32,"ERONGARÍCUARO"
48416033,16,"MICHOACÁN DE OCAMPO",33,"GABRIEL ZAMORA"
48416034,16,"MICHOACÁN DE OCAMPO",34,"HIDALGO"
48416035,16,"MICHOACÁN DE OCAMPO",35,"LA HUACANA"
48416036,16,"MICHOACÁN DE OCAMPO",36,"HUANDACAREO"
48416037,16,"MICHOACÁN DE OCAMPO",37,"HUANIQUEO"
48416038,16,"MICHOACÁN DE OCAMPO",38,"HUETAMO"
48416039,16,"MICHOACÁN DE OCAMPO",39,"HUIRAMBA"
48416040,16,"MICHOACÁN DE OCAMPO",40,"INDAPARAPEO"
48416041,16,"MICHOACÁN DE OCAMPO",41,"IRIMBO"
48416042,16,"MICHOACÁN DE OCAMPO",42,"IXTLÁN"
48416043,16,"MICHOACÁN DE OCAMPO",43,"JACONA"
48416044,16,"MICHOACÁN DE OCAMPO",44,"JIMÉNEZ"
48416045,16,"MICHOACÁN DE OCAMPO",45,"JIQUILPAN"
48416046,16,"MICHOACÁN DE OCAMPO",46,"JUÁREZ"
48416047,16,"MICHOACÁN DE OCAMPO",47,"JUNGAPEO"
48416048,16,"MICHOACÁN DE OCAMPO",48,"LAGUNILLAS"
48416049,16,"MICHOACÁN DE OCAMPO",49,"MADERO"
48416050,16,"MICHOACÁN DE OCAMPO",50,"MARAVATÍO"
48416051,16,"MICHOACÁN DE OCAMPO",51,"MARCOS CASTELLANOS"
48416052,16,"MICHOACÁN DE OCAMPO",52,"LÁZARO CÁRDENAS"
48416053,16,"MICHOACÁN DE OCAMPO",53,"MORELIA"
48416054,16,"MICHOACÁN DE OCAMPO",54,"MORELOS"
48416055,16,"MICHOACÁN DE OCAMPO",55,"MÚGICA"
48416056,16,"MICHOACÁN DE OCAMPO",56,"NAHUATZEN"
48416057,16,"MICHOACÁN DE OCAMPO",57,"NOCUPÉTARO"
48416058,16,"MICHOACÁN DE OCAMPO",58,"NUEVO PARANGARICUTIRO"
48416059,16,"MICHOACÁN DE OCAMPO",59,"NUEVO URECHO"
48416060,16,"MICHOACÁN DE OCAMPO",60,"NUMARÁN"
48416061,16,"MICHOACÁN DE OCAMPO",61,"OCAMPO"
48416062,16,"MICHOACÁN DE OCAMPO",62,"PAJACUARÁN"
48416063,16,"MICHOACÁN DE OCAMPO",63,"PANINDÍCUARO"
48416064,16,"MICHOACÁN DE OCAMPO",64,"PARÁCUARO"
48416065,16,"MICHOACÁN DE OCAMPO",65,"PARACHO"
48416066,16,"MICHOACÁN DE OCAMPO",66,"PÁTZCUARO"
48416067,16,"MICHOACÁN DE OCAMPO",67,"PENJAMILLO"
48416068,16,"MICHOACÁN DE OCAMPO",68,"PERIBÁN"
48416069,16,"MICHOACÁN DE OCAMPO",69,"LA PIEDAD"
48416070,16,"MICHOACÁN DE OCAMPO",70,"PURÉPERO"
48416071,16,"MICHOACÁN DE OCAMPO",71,"PURUÁNDIRO"
48416072,16,"MICHOACÁN DE OCAMPO",72,"QUERÉNDARO"
48416073,16,"MICHOACÁN DE OCAMPO",73,"QUIROGA"
48416074,16,"MICHOACÁN DE OCAMPO",74,"COJUMATLÁN DE RÉGULES"
48416075,16,"MICHOACÁN DE OCAMPO",75,"LOS REYES"
48416076,16,"MICHOACÁN DE OCAMPO",76,"SAHUAYO"
48416077,16,"MICHOACÁN DE OCAMPO",77,"SAN LUCAS"
48416078,16,"MICHOACÁN DE OCAMPO",78,"SANTA ANA MAYA"
48416079,16,"MICHOACÁN DE OCAMPO",79,"SALVADOR ESCALANTE"
48416080,16,"MICHOACÁN DE OCAMPO",80,"SENGUIO"
48416081,16,"MICHOACÁN DE OCAMPO",81,"SUSUPUATO"
48416082,16,"MICHOACÁN DE OCAMPO",82,"TACÁMBARO"
48416083,16,"MICHOACÁN DE OCAMPO",83,"TANCÍTARO"
48416084,16,"MICHOACÁN DE OCAMPO",84,"TANGAMANDAPIO"
48416085,16,"MICHOACÁN DE OCAMPO",85,"TANGANCÍCUARO"
48416086,16,"MICHOACÁN DE OCAMPO",86,"TANHUATO"
48416087,16,"MICHOACÁN DE OCAMPO",87,"TARETAN"
48416088,16,"MICHOACÁN DE OCAMPO",88,"TARÍMBARO"
48416089,16,"MICHOACÁN DE OCAMPO",89,"TEPALCATEPEC"
48416090,16,"MICHOACÁN DE OCAMPO",90,"TINGAMBATO"
48416091,16,"MICHOACÁN DE OCAMPO",91,"TINGÜINDÍN"
48416092,16,"MICHOACÁN DE OCAMPO",92,"TIQUICHEO DE NICOLÁS ROMERO"
48416093,16,"MICHOACÁN DE OCAMPO",93,"TLALPUJAHUA"
48416094,16,"MICHOACÁN DE OCAMPO",94,"TLAZAZALCA"
48416095,16,"MICHOACÁN DE OCAMPO",95,"TOCUMBO"
48416096,16,"MICHOACÁN DE OCAMPO",96,"TUMBISCATÍO"
48416097,16,"MICHOACÁN DE OCAMPO",97,"TURICATO"
48416098,16,"MICHOACÁN DE OCAMPO",98,"TUXPAN"
48416099,16,"MICHOACÁN DE OCAMPO",99,"TUZANTLA"
48416100,16,"MICHOACÁN DE OCAMPO",100,"TZINTZUNTZAN"
48416101,16,"MICHOACÁN DE OCAMPO",101,"TZITZIO"
48416102,16,"MICHOACÁN DE OCAMPO",102,"URUAPAN"
48416103,16,"MICHOACÁN DE OCAMPO",103,"VENUSTIANO CARRANZA"
48416104,16,"MICHOACÁN DE OCAMPO",104,"VILLAMAR"
48416105,16,"MICHOACÁN DE OCAMPO",105,"VISTA HERMOSA"
48416106,16,"MICHOACÁN DE OCAMPO",106,"YURÉCUARO"
48416107,16,"MICHOACÁN DE OCAMPO",107,"ZACAPU"
48416108,16,"MICHOACÁN DE OCAMPO",108,"ZAMORA"
48416109,16,"MICHOACÁN DE OCAMPO",109,"ZINÁPARO"
48416110,16,"MICHOACÁN DE OCAMPO",110,"ZINAPÉCUARO"
48416111,16,"MICHOACÁN DE OCAMPO",111,"ZIRACUARETIRO"
48416112,16,"MICHOACÁN DE OCAMPO",112,"ZITÁCUARO"
48416113,16,"MICHOACÁN DE OCAMPO",113,"JOSÉ SIXTO VERDUZCO"
48417001,17,"MORELOS",1,"AMACUZAC"
48417002,17,"MORELOS",2,"ATLATLAHUCAN"
48417003,17,"MORELOS",3,"AXOCHIAPAN"
48417004,17,"MORELOS",4,"AYALA"
48417005,17,"MORELOS",5,"COATLÁN DEL RÍO"
48417006,17,"MORELOS",6,"CUAUTLA"
48417007,17,"MORELOS",7,"CUERNAVACA"
48417008,17,"MORELOS",8,"EMILIANO ZAPATA"
48417009,17,"MORELOS",9,"HUITZILAC"
48417010,17,"MORELOS",10,"JANTETELCO"
48417011,17,"MORELOS",11,"JIUTEPEC"
48417012,17,"MORELOS",12,"JOJUTLA"
48417013,17,"MORELOS",13,"JONACATEPEC DE LEANDRO VALLE"
48417014,17,"MORELOS",14,"MAZATEPEC"
48417015,17,"MORELOS",15,"MIACATLÁN"
48417016,17,"MORELOS",16,"OCUITUCO"
48417017,17,"MORELOS",17,"PUENTE DE IXTLA"
48417018,17,"MORELOS",18,"TEMIXCO"
48417019,17,"MORELOS",19,"TEPALCINGO"
48417020,17,"MORELOS",20,"TEPOZTLÁN"
48417021,17,"MORELOS",21,"TETECALA"
48417022,17,"MORELOS",22,"TETELA DEL VOLCÁN"
48417023,17,"MORELOS",23,"TLALNEPANTLA"
48417024,17,"MORELOS",24,"TLALTIZAPÁN DE ZAPATA"
48417025,17,"MORELOS",25,"TLAQUILTENANGO"
48417026,17,"MORELOS",26,"TLAYACAPAN"
48417027,17,"MORELOS",27,"TOTOLAPAN"
48417028,17,"MORELOS",28,"XOCHITEPEC"
48417029,17,"MORELOS",29,"YAUTEPEC"
48417030,17,"MORELOS",30,"YECAPIXTLA"
48417031,17,"MORELOS",31,"ZACATEPEC"
48417032,17,"MORELOS",32,"ZACUALPAN"
48417033,17,"MORELOS",33,"TEMOAC"
48417034,17,"MORELOS",34,"COATETELCO"
48417035,17,"MORELOS",35,"XOXOCOTLA"
48417036,17,"MORELOS",36,"HUEYAPAN"
48418001,18,"NAYARIT",1,"ACAPONETA"
48418002,18,"NAYARIT",2,"AHUACATLÁN"
48418003,18,"NAYARIT",3,"AMATLÁN DE CAÑAS"
48418004,18,"NAYARIT",4,"COMPOSTELA"
48418005,18,"NAYARIT",5,"HUAJICORI"
48418006,18,"NAYARIT",6,"IXTLÁN DEL RÍO"
48418007,18,"NAYARIT",7,"JALA"
48418008,18,"NAYARIT",8,"XALISCO"
48418009,18,"NAYARIT",9,"DEL NAYAR"
48418010,18,"NAYARIT",10,"ROSAMORADA"
48418011,18,"NAYARIT",11,"RUÍZ"
48418012,18,"NAYARIT",12,"SAN BLAS"
48418013,18,"NAYARIT",13,"SAN PEDRO LAGUNILLAS"
48418014,18,"NAYARIT",14,"SANTA MARÍA DEL ORO"
48418015,18,"NAYARIT",15,"SANTIAGO IXCUINTLA"
48418016,18,"NAYARIT",16,"TECUALA"
48418017,18,"NAYARIT",17,"TEPIC"
48418018,18,"NAYARIT",18,"TUXPAN"
48418019,18,"NAYARIT",19,"LA YESCA"
48418020,18,"NAYARIT",20,"BAHÍA DE BANDERAS"
48419001,19,"NUEVO LEÓN",1,"ABASOLO"
48419002,19,"NUEVO LEÓN",2,"AGUALEGUAS"
48419003,19,"NUEVO LEÓN",3,"LOS ALDAMAS"
48419004,19,"NUEVO LEÓN",4,"ALLENDE"
48419005,19,"NUEVO LEÓN",5,"ANÁHUAC"
48419006,19,"NUEVO LEÓN",6,"APODACA"
48419007,19,"NUEVO LEÓN",7,"ARAMBERRI"
48419008,19,"NUEVO LEÓN",8,"BUSTAMANTE"
48419009,19,"NUEVO LEÓN",9,"CADEREYTA JIMÉNEZ"
48419010,19,"NUEVO LEÓN",10,"EL CARMEN"
48419011,19,"NUEVO LEÓN",11,"CERRALVO"
48419012,19,"NUEVO LEÓN",12,"CIÉNEGA DE FLORES"
48419013,19,"NUEVO LEÓN",13,"CHINA"
48419014,19,"NUEVO LEÓN",14,"DR. ARROYO"
48419015,19,"NUEVO LEÓN",15,"DR. COSS"
48419016,19,"NUEVO LEÓN",16,"DR. GONZALEZ"
48419017,19,"NUEVO LEÓN",17,"GALEANA"
48419018,19,"NUEVO LEÓN",18,"GARCÍA"
48419019,19,"NUEVO LEÓN",19,"SAN PEDRO GARZA GARCIA"
48419020,19,"NUEVO LEÓN",20,"GRAL. BRAVO"
48419021,19,"NUEVO LEÓN",21,"GRAL. ESCOBEDO"
48419022,19,"NUEVO LEÓN",22,"GRAL. TERAN"
48419023,19,"NUEVO LEÓN",23,"GRAL. TREVIÑO"
48419024,19,"NUEVO LEÓN",24,"GRAL. ZARAGOZA"
48419025,19,"NUEVO LEÓN",25,"GRAL. ZUAZUA"
48419026,19,"NUEVO LEÓN",26,"GUADALUPE"
48419027,19,"NUEVO LEÓN",27,"LOS HERRERAS"
48419028,19,"NUEVO LEÓN",28,"HIGUERAS"
48419029,19,"NUEVO LEÓN",29,"HUALAHUISES"
48419030,19,"NUEVO LEÓN",30,"ITURBIDE"
48419031,19,"NUEVO LEÓN",31,"JUÁREZ"
48419032,19,"NUEVO LEÓN",32,"LAMPAZOS DE NARANJO"
48419033,19,"NUEVO LEÓN",33,"LINARES"
48419034,19,"NUEVO LEÓN",34,"MARÍN"
48419035,19,"NUEVO LEÓN",35,"MELCHOR OCAMPO"
48419036,19,"NUEVO LEÓN",36,"MIER Y NORIEGA"
48419037,19,"NUEVO LEÓN",37,"MINA"
48419038,19,"NUEVO LEÓN",38,"MONTEMORELOS"
48419039,19,"NUEVO LEÓN",39,"MONTERREY"
48419040,19,"NUEVO LEÓN",40,"PARÁS"
48419041,19,"NUEVO LEÓN",41,"PESQUERÍA"
48419042,19,"NUEVO LEÓN",42,"LOS RAMONES"
48419043,19,"NUEVO LEÓN",43,"RAYONES"
48419044,19,"NUEVO LEÓN",44,"SABINAS HIDALGO"
48419045,19,"NUEVO LEÓN",45,"SALINAS VICTORIA"
48419046,19,"NUEVO LEÓN",46,"SAN NICOLAS DE LOS GARZA"
48419047,19,"NUEVO LEÓN",47,"HIDALGO"
48419048,19,"NUEVO LEÓN",48,"SANTA CATARINA"
48419049,19,"NUEVO LEÓN",49,"SANTIAGO"
48419050,19,"NUEVO LEÓN",50,"VALLECILLO"
48419051,19,"NUEVO LEÓN",51,"VILLALDAMA"
48420001,20,"OAXACA",1,"ABEJONES"
48420002,20,"OAXACA",2,"ACATLÁN DE PÉREZ FIGUEROA"
48420003,20,"OAXACA",3,"ASUNCION CACALOTEPEC"
48420004,20,"OAXACA",4,"ASUNCION CUYOTEPEJI"
48420005,20,"OAXACA",5,"ASUNCIÓN IXTALTEPEC"
48420006,20,"OAXACA",6,"ASUNCIÓN NOCHIXTLÁN"
48420007,20,"OAXACA",7,"ASUNCION OCOTLAN"
48420008,20,"OAXACA",8,"ASUNCION TLACOLULITA"
48420009,20,"OAXACA",9,"AYOTZINTEPEC"
48420010,20,"OAXACA",10,"EL BARRIO DE LA SOLEDAD"
48420011,20,"OAXACA",11,"CALIHUALA"
48420012,20,"OAXACA",12,"CANDELARIA LOXICHA"
48420013,20,"OAXACA",13,"CIENEGA DE ZIMATLAN"
48420014,20,"OAXACA",14,"CIUDAD IXTEPEC"
48420015,20,"OAXACA",15,"COATECAS ALTAS"
48420016,20,"OAXACA",16,"COICOYÁN DE LAS FLORES"
48420017,20,"OAXACA",17,"LA COMPAÑIA"
48420018,20,"OAXACA",18,"CONCEPCIÓN BUENAVISTA"
48420019,20,"OAXACA",19,"CONCEPCIÓN PÁPALO"
48420020,20,"OAXACA",20,"CONSTANCIA DEL ROSARIO"
48420021,20,"OAXACA",21,"COSOLAPA"
48420022,20,"OAXACA",22,"COSOLTEPEC"
48420023,20,"OAXACA",23,"CUILÁPAM DE GUERRERO"
48420024,20,"OAXACA",24,"CUYAMECALCO VILLA DE ZARAGOZA"
48420025,20,"OAXACA",25,"CHAHUITES"
48420026,20,"OAXACA",26,"CHALCATONGO DE HIDALGO"
48420027,20,"OAXACA",27,"CHIQUIHUITLÁN DE BENITO JUÁREZ"
48420028,20,"OAXACA",28,"HEROICA CIUDAD DE EJUTLA DE CRESPO"
48420029,20,"OAXACA",29,"ELOXOCHITLÁN DE FLORES MAGÓN"
48420030,20,"OAXACA",30,"EL ESPINAL"
48420031,20,"OAXACA",31,"TAMAZULÁPAM DEL ESPÍRITU SANTO"
48420032,20,"OAXACA",32,"FRESNILLO DE TRUJANO"
48420033,20,"OAXACA",33,"GUADALUPE ETLA"
48420034,20,"OAXACA",34,"GUADALUPE DE RAMIREZ"
48420035,20,"OAXACA",35,"GUELATAO DE JUÁREZ"
48420036,20,"OAXACA",36,"GUEVEA DE HUMBOLDT"
48420037,20,"OAXACA",37,"MESONES HIDALGO"
48420038,20,"OAXACA",38,"VILLA HIDALGO"
48420039,20,"OAXACA",39,"HEROICA CIUDAD DE HUAJUAPAN DE LEÓN"
48420040,20,"OAXACA",40,"HUAUTEPEC"
48420041,20,"OAXACA",41,"HUAUTLA DE JIMÉNEZ"
48420042,20,"OAXACA",42,"IXTLÁN DE JUÁREZ"
48420043,20,"OAXACA",43,"JUCHITÁN DE ZARAGOZA"
48420044,20,"OAXACA",44,"LOMA BONITA"
48420045,20,"OAXACA",45,"MAGDALENA APASCO"
48420046,20,"OAXACA",46,"MAGDALENA JALTEPEC"
48420047,20,"OAXACA",47,"SANTA MAGDALENA JICOTLAN"
48420048,20,"OAXACA",48,"MAGDALENA MIXTEPEC"
48420049,20,"OAXACA",49,"MAGDALENA OCOTLAN"
48420050,20,"OAXACA",50,"MAGDALENA PEÑASCO"
48420051,20,"OAXACA",51,"MAGDALENA TEITIPAC"
48420052,20,"OAXACA",52,"MAGDALENA TEQUISISTLÁN"
48420053,20,"OAXACA",53,"MAGDALENA TLACOTEPEC"
48420054,20,"OAXACA",54,"MAGDALENA ZAHUATLAN"
48420055,20,"OAXACA",55,"MARISCALA DE JUÁREZ"
48420056,20,"OAXACA",56,"MARTIRES DE TACUBAYA"
48420057,20,"OAXACA",57,"MATÍAS ROMERO AVENDAÑO"
48420058,20,"OAXACA",58,"MAZATLÁN VILLA DE FLORES"
48420059,20,"OAXACA",59,"MIAHUATLÁN DE PORFIRIO DÍAZ"
48420060,20,"OAXACA",60,"MIXISTLÁN DE LA REFORMA"
48420061,20,"OAXACA",61,"MONJAS"
48420062,20,"OAXACA",62,"NATIVIDAD"
48420063,20,"OAXACA",63,"NAZARENO ETLA"
48420064,20,"OAXACA",64,"NEJAPA DE MADERO"
48420065,20,"OAXACA",65,"IXPANTEPEC NIEVES"
48420066,20,"OAXACA",66,"SANTIAGO NILTEPEC"
48420067,20,"OAXACA",67,"OAXACA DE JUÁREZ"
48420068,20,"OAXACA",68,"OCOTLÁN DE MORELOS"
48420069,20,"OAXACA",69,"LA PE"
48420070,20,"OAXACA",70,"PINOTEPA DE DON LUIS"
48420071,20,"OAXACA",71,"PLUMA HIDALGO"
48420072,20,"OAXACA",72,"SAN JOSÉ DEL PROGRESO"
48420073,20,"OAXACA",73,"PUTLA VILLA DE GUERRERO"
48420074,20,"OAXACA",74,"SANTA CATARINA QUIOQUITANI"
48420075,20,"OAXACA",75,"REFORMA DE PINEDA"
48420076,20,"OAXACA",76,"LA REFORMA"
48420077,20,"OAXACA",77,"REYES ETLA"
48420078,20,"OAXACA",78,"ROJAS DE CUAUHTEMOC"
48420079,20,"OAXACA",79,"SALINA CRUZ"
48420080,20,"OAXACA",80,"SAN AGUSTÍN AMATENGO"
48420081,20,"OAXACA",81,"SAN AGUSTIN ATENANGO"
48420082,20,"OAXACA",82,"SAN AGUSTIN CHAYUCO"
48420083,20,"OAXACA",83,"SAN AGUSTÍN DE LAS JUNTAS"
48420084,20,"OAXACA",84,"SAN AGUSTÍN ETLA"
48420085,20,"OAXACA",85,"SAN AGUSTÍN LOXICHA"
48420086,20,"OAXACA",86,"SAN AGUSTIN TLACOTEPEC"
48420087,20,"OAXACA",87,"SAN AGUSTÍN YATARENI"
48420088,20,"OAXACA",88,"SAN ANDRÉS CABECERA NUEVA"
48420089,20,"OAXACA",89,"SAN ANDRES DINICUITI"
48420090,20,"OAXACA",90,"SAN ANDRÉS HUAXPALTEPEC"
48420091,20,"OAXACA",91,"SAN ANDRÉS HUAYÁPAM"
48420092,20,"OAXACA",92,"SAN ANDRÉS IXTLAHUACA"
48420093,20,"OAXACA",93,"SAN ANDRES LAGUNAS"
48420094,20,"OAXACA",94,"SAN ANDRÉS NUXIÑO"
48420095,20,"OAXACA",95,"SAN ANDRÉS PAXTLÁN"
48420096,20,"OAXACA",96,"SAN ANDRÉS SINAXTLA"
48420097,20,"OAXACA",97,"SAN ANDRES SOLAGA"
48420098,20,"OAXACA",98,"SAN ANDRÉS TEOTILÁLPAM"
48420099,20,"OAXACA",99,"SAN ANDRES TEPETLAPA"
48420100,20,"OAXACA",100,"SAN ANDRES YAA"
48420101,20,"OAXACA",101,"SAN ANDRES ZABACHE"
48420102,20,"OAXACA",102,"SAN ANDRÉS ZAUTLA"
48420103,20,"OAXACA",103,"SAN ANTONINO CASTILLO VELASCO"
48420104,20,"OAXACA",104,"SAN ANTONINO EL ALTO"
48420105,20,"OAXACA",105,"SAN ANTONINO MONTE VERDE"
48420106,20,"OAXACA",106,"SAN ANTONIO ACUTLA"
48420107,20,"OAXACA",107,"SAN ANTONIO DE LA CAL"
48420108,20,"OAXACA",108,"SAN ANTONIO HUITEPEC"
48420109,20,"OAXACA",109,"SAN ANTONIO NANAHUATIPAM"
48420110,20,"OAXACA",110,"SAN ANTONIO SINICAHUA"
48420111,20,"OAXACA",111,"SAN ANTONIO TEPETLAPA"
48420112,20,"OAXACA",112,"SAN BALTAZAR CHICHICÁPAM"
48420113,20,"OAXACA",113,"SAN BALTAZAR LOXICHA"
48420114,20,"OAXACA",114,"SAN BALTAZAR YATZACHI EL BAJO"
48420115,20,"OAXACA",115,"SAN BARTOLO COYOTEPEC"
48420116,20,"OAXACA",116,"SAN BARTOLOME AYAUTLA"
48420117,20,"OAXACA",117,"SAN BARTOLOME LOXICHA"
48420118,20,"OAXACA",118,"SAN BARTOLOMÉ QUIALANA"
48420119,20,"OAXACA",119,"SAN BARTOLOME YUCUAÑE"
48420120,20,"OAXACA",120,"SAN BARTOLOME ZOOGOCHO"
48420121,20,"OAXACA",121,"SAN BARTOLO SOYALTEPEC"
48420122,20,"OAXACA",122,"SAN BARTOLO YAUTEPEC"
48420123,20,"OAXACA",123,"SAN BERNARDO MIXTEPEC"
48420124,20,"OAXACA",124,"SAN BLAS ATEMPA"
48420125,20,"OAXACA",125,"SAN CARLOS YAUTEPEC"
48420126,20,"OAXACA",126,"SAN CRISTOBAL AMATLAN"
48420127,20,"OAXACA",127,"SAN CRISTOBAL AMOLTEPEC"
48420128,20,"OAXACA",128,"SAN CRISTÓBAL LACHIRIOAG"
48420129,20,"OAXACA",129,"SAN CRISTÓBAL SUCHIXTLAHUACA"
48420130,20,"OAXACA",130,"SAN DIONISIO DEL MAR"
48420131,20,"OAXACA",131,"SAN DIONISIO OCOTEPEC"
48420132,20,"OAXACA",132,"SAN DIONISIO OCOTLÁN"
48420133,20,"OAXACA",133,"SAN ESTEBAN ATATLAHUCA"
48420134,20,"OAXACA",134,"SAN FELIPE JALAPA DE DÍAZ"
48420135,20,"OAXACA",135,"SAN FELIPE TEJALÁPAM"
48420136,20,"OAXACA",136,"SAN FELIPE USILA"
48420137,20,"OAXACA",137,"SAN FRANCISCO CAHUACUÁ"
48420138,20,"OAXACA",138,"SAN FRANCISCO CAJONOS"
48420139,20,"OAXACA",139,"SAN FRANCISCO CHAPULAPA"
48420140,20,"OAXACA",140,"SAN FRANCISCO CHINDUA"
48420141,20,"OAXACA",141,"SAN FRANCISCO DEL MAR"
48420142,20,"OAXACA",142,"SAN FRANCISCO HUEHUETLAN"
48420143,20,"OAXACA",143,"SAN FRANCISCO IXHUATÁN"
48420144,20,"OAXACA",144,"SAN FRANCISCO JALTEPETONGO"
48420145,20,"OAXACA",145,"SAN FRANCISCO LACHIGOLÓ"
48420146,20,"OAXACA",146,"SAN FRANCISCO LOGUECHE"
48420147,20,"OAXACA",147,"SAN FRANCISCO NUXAÑO"
48420148,20,"OAXACA",148,"SAN FRANCISCO OZOLOTEPEC"
48420149,20,"OAXACA",149,"SAN FRANCISCO SOLA"
48420150,20,"OAXACA",150,"SAN FRANCISCO TELIXTLAHUACA"
48420151,20,"OAXACA",151,"SAN FRANCISCO TEOPAN"
48420152,20,"OAXACA",152,"SAN FRANCISCO TLAPANCINGO"
48420153,20,"OAXACA",153,"SAN GABRIEL MIXTEPEC"
48420154,20,"OAXACA",154,"SAN ILDEFONSO AMATLÁN"
48420155,20,"OAXACA",155,"SAN ILDEFONSO SOLA"
48420156,20,"OAXACA",156,"SAN ILDEFONSO VILLA ALTA"
48420157,20,"OAXACA",157,"SAN JACINTO AMILPAS"
48420158,20,"OAXACA",158,"SAN JACINTO TLACOTEPEC"
48420159,20,"OAXACA",159,"SAN JERÓNIMO COATLÁN"
48420160,20,"OAXACA",160,"SAN JERONIMO SILACAYOAPILLA"
48420161,20,"OAXACA",161,"SAN JERÓNIMO SOSOLA"
48420162,20,"OAXACA",162,"SAN JERÓNIMO TAVICHE"
48420163,20,"OAXACA",163,"SAN JERONIMO TECOATL"
48420164,20,"OAXACA",164,"SAN JORGE NUCHITA"
48420165,20,"OAXACA",165,"SAN JOSE AYUQUILA"
48420166,20,"OAXACA",166,"SAN JOSÉ CHILTEPEC"
48420167,20,"OAXACA",167,"SAN JOSÉ DEL PEÑASCO"
48420168,20,"OAXACA",168,"SAN JOSÉ ESTANCIA GRANDE"
48420169,20,"OAXACA",169,"SAN JOSE INDEPENDENCIA"
48420170,20,"OAXACA",170,"SAN JOSÉ LACHIGUIRI"
48420171,20,"OAXACA",171,"SAN JOSÉ TENANGO"
48420172,20,"OAXACA",172,"SAN JUAN ACHIUTLA"
48420173,20,"OAXACA",173,"SAN JUAN ATEPEC"
48420174,20,"OAXACA",174,"ÁNIMAS TRUJANO"
48420175,20,"OAXACA",175,"SAN JUAN BAUTISTA ATATLAHUCA"
48420176,20,"OAXACA",176,"SAN JUAN BAUTISTA COIXTLAHUACA"
48420177,20,"OAXACA",177,"SAN JUAN BAUTISTA CUICATLÁN"
48420178,20,"OAXACA",178,"SAN JUAN BAUTISTA GUELACHE"
48420179,20,"OAXACA",179,"SAN JUAN BAUTISTA JAYACATLAN"
48420180,20,"OAXACA",180,"SAN JUAN BAUTISTA LO DE SOTO"
48420181,20,"OAXACA",181,"SAN JUAN BAUTISTA SUCHITEPEC"
48420182,20,"OAXACA",182,"SAN JUAN BAUTISTA TLACOATZINTEPEC"
48420183,20,"OAXACA",183,"SAN JUAN BAUTISTA TLACHICHILCO"
48420184,20,"OAXACA",184,"SAN JUAN BAUTISTA TUXTEPEC"
48420185,20,"OAXACA",185,"SAN JUAN CACAHUATEPEC"
48420186,20,"OAXACA",186,"SAN JUAN CIENEGUILLA"
48420187,20,"OAXACA",187,"SAN JUAN COATZÓSPAM"
48420188,20,"OAXACA",188,"SAN JUAN COLORADO"
48420189,20,"OAXACA",189,"SAN JUAN COMALTEPEC"
48420190,20,"OAXACA",190,"SAN JUAN COTZOCÓN"
48420191,20,"OAXACA",191,"SAN JUAN CHICOMEZÚCHIL"
48420192,20,"OAXACA",192,"SAN JUAN CHILATECA"
48420193,20,"OAXACA",193,"SAN JUAN DEL ESTADO"
48420194,20,"OAXACA",194,"SAN JUAN DEL RÍO"
48420195,20,"OAXACA",195,"SAN JUAN DIUXI"
48420196,20,"OAXACA",196,"SAN JUAN EVANGELISTA ANALCO"
48420197,20,"OAXACA",197,"SAN JUAN GUELAVÍA"
48420198,20,"OAXACA",198,"SAN JUAN GUICHICOVI"
48420199,20,"OAXACA",199,"SAN JUAN IHUALTEPEC"
48420200,20,"OAXACA",200,"SAN JUAN JUQUILA MIXES"
48420201,20,"OAXACA",201,"SAN JUAN JUQUILA VIJANOS"
48420202,20,"OAXACA",202,"SAN JUAN LACHAO"
48420203,20,"OAXACA",203,"SAN JUAN LACHIGALLA"
48420204,20,"OAXACA",204,"SAN JUAN LAJARCIA"
48420205,20,"OAXACA",205,"SAN JUAN LALANA"
48420206,20,"OAXACA",206,"SAN JUAN DE LOS CUÉS"
48420207,20,"OAXACA",207,"SAN JUAN MAZATLÁN"
48420208,20,"OAXACA",208,"SAN JUAN MIXTEPEC -DTO. VIII -"
48420209,20,"OAXACA",209,"SAN JUAN MIXTEPEC -DTO. XXVI -"
48420210,20,"OAXACA",210,"SAN JUAN ÑUMÍ"
48420211,20,"OAXACA",211,"SAN JUAN OZOLOTEPEC"
48420212,20,"OAXACA",212,"SAN JUAN PETLAPA"
48420213,20,"OAXACA",213,"SAN JUAN QUIAHIJE"
48420214,20,"OAXACA",214,"SAN JUAN QUIOTEPEC"
48420215,20,"OAXACA",215,"SAN JUAN SAYULTEPEC"
48420216,20,"OAXACA",216,"SAN JUAN TABAA"
48420217,20,"OAXACA",217,"SAN JUAN TAMAZOLA"
48420218,20,"OAXACA",218,"SAN JUAN TEITA"
48420219,20,"OAXACA",219,"SAN JUAN TEITIPAC"
48420220,20,"OAXACA",220,"SAN JUAN TEPEUXILA"
48420221,20,"OAXACA",221,"SAN JUAN TEPOSCOLULA"
48420222,20,"OAXACA",222,"SAN JUAN YAEE"
48420223,20,"OAXACA",223,"SAN JUAN YATZONA"
48420224,20,"OAXACA",224,"SAN JUAN YUCUITA"
48420225,20,"OAXACA",225,"SAN LORENZO"
48420226,20,"OAXACA",226,"SAN LORENZO ALBARRADAS"
48420227,20,"OAXACA",227,"SAN LORENZO CACAOTEPEC"
48420228,20,"OAXACA",228,"SAN LORENZO CUAUNECUILTITLA"
48420229,20,"OAXACA",229,"SAN LORENZO TEXMELÚCAN"
48420230,20,"OAXACA",230,"SAN LORENZO VICTORIA"
48420231,20,"OAXACA",231,"SAN LUCAS CAMOTLÁN"
48420232,20,"OAXACA",232,"SAN LUCAS OJITLÁN"
48420233,20,"OAXACA",233,"SAN LUCAS QUIAVINÍ"
48420234,20,"OAXACA",234,"SAN LUCAS ZOQUIAPAM"
48420235,20,"OAXACA",235,"SAN LUIS AMATLÁN"
48420236,20,"OAXACA",236,"SAN MARCIAL OZOLOTEPEC"
48420237,20,"OAXACA",237,"SAN MARCOS ARTEAGA"
48420238,20,"OAXACA",238,"SAN MARTIN DE LOS CANSECOS"
48420239,20,"OAXACA",239,"SAN MARTIN HUAMELULPAM"
48420240,20,"OAXACA",240,"SAN MARTÍN ITUNYOSO"
48420241,20,"OAXACA",241,"SAN MARTIN LACHILA"
48420242,20,"OAXACA",242,"SAN MARTÍN PERAS"
48420243,20,"OAXACA",243,"SAN MARTÍN TILCAJETE"
48420244,20,"OAXACA",244,"SAN MARTÍN TOXPALAN"
48420245,20,"OAXACA",245,"SAN MARTIN ZACATEPEC"
48420246,20,"OAXACA",246,"SAN MATEO CAJONOS"
48420247,20,"OAXACA",247,"CAPULÁLPAM DE MÉNDEZ"
48420248,20,"OAXACA",248,"SAN MATEO DEL MAR"
48420249,20,"OAXACA",249,"SAN MATEO YOLOXOCHITLAN"
48420250,20,"OAXACA",250,"SAN MATEO ETLATONGO"
48420251,20,"OAXACA",251,"SAN MATEO NEJAPAM"
48420252,20,"OAXACA",252,"SAN MATEO PEÑASCO"
48420253,20,"OAXACA",253,"SAN MATEO PIÑAS"
48420254,20,"OAXACA",254,"SAN MATEO RÍO HONDO"
48420255,20,"OAXACA",255,"SAN MATEO SINDIHUI"
48420256,20,"OAXACA",256,"SAN MATEO TLAPILTEPEC"
48420257,20,"OAXACA",257,"SAN MELCHOR BETAZA"
48420258,20,"OAXACA",258,"SAN MIGUEL ACHIUTLA"
48420259,20,"OAXACA",259,"SAN MIGUEL AHUEHUETITLAN"
48420260,20,"OAXACA",260,"SAN MIGUEL ALOÁPAM"
48420261,20,"OAXACA",261,"SAN MIGUEL AMATITLAN"
48420262,20,"OAXACA",262,"SAN MIGUEL AMATLÁN"
48420263,20,"OAXACA",263,"SAN MIGUEL COATLÁN"
48420264,20,"OAXACA",264,"SAN MIGUEL CHICAHUA"
48420265,20,"OAXACA",265,"SAN MIGUEL CHIMALAPA"
48420266,20,"OAXACA",266,"SAN MIGUEL DEL PUERTO"
48420267,20,"OAXACA",267,"SAN MIGUEL DEL RIO"
48420268,20,"OAXACA",268,"SAN MIGUEL EJUTLA"
48420269,20,"OAXACA",269,"SAN MIGUEL EL GRANDE"
48420270,20,"OAXACA",270,"SAN MIGUEL HUAUTLA"
48420271,20,"OAXACA",271,"SAN MIGUEL MIXTEPEC"
48420272,20,"OAXACA",272,"SAN MIGUEL PANIXTLAHUACA"
48420273,20,"OAXACA",273,"SAN MIGUEL PERAS"
48420274,20,"OAXACA",274,"SAN MIGUEL PIEDRAS"
48420275,20,"OAXACA",275,"SAN MIGUEL QUETZALTEPEC"
48420276,20,"OAXACA",276,"SAN MIGUEL SANTA FLOR"
48420277,20,"OAXACA",277,"VILLA SOLA DE VEGA"
48420278,20,"OAXACA",278,"SAN MIGUEL SOYALTEPEC"
48420279,20,"OAXACA",279,"SAN MIGUEL SUCHIXTEPEC"
48420280,20,"OAXACA",280,"VILLA TALEA DE CASTRO"
48420281,20,"OAXACA",281,"SAN MIGUEL TECOMATLÁN"
48420282,20,"OAXACA",282,"SAN MIGUEL TENANGO"
48420283,20,"OAXACA",283,"SAN MIGUEL TEQUIXTEPEC"
48420284,20,"OAXACA",284,"SAN MIGUEL TILQUIÁPAM"
48420285,20,"OAXACA",285,"SAN MIGUEL TLACAMAMA"
48420286,20,"OAXACA",286,"SAN MIGUEL TLACOTEPEC"
48420287,20,"OAXACA",287,"SAN MIGUEL TULANCINGO"
48420288,20,"OAXACA",288,"SAN MIGUEL YOTAO"
48420289,20,"OAXACA",289,"SAN NICOLAS"
48420290,20,"OAXACA",290,"SAN NICOLAS HIDALGO"
48420291,20,"OAXACA",291,"SAN PABLO COATLÁN"
48420292,20,"OAXACA",292,"SAN PABLO CUATRO VENADOS"
48420293,20,"OAXACA",293,"SAN PABLO ETLA"
48420294,20,"OAXACA",294,"SAN PABLO HUITZO"
48420295,20,"OAXACA",295,"SAN PABLO HUIXTEPEC"
48420296,20,"OAXACA",296,"SAN PABLO MACUILTIANGUIS"
48420297,20,"OAXACA",297,"SAN PABLO TIJALTEPEC"
48420298,20,"OAXACA",298,"SAN PABLO VILLA DE MITLA"
48420299,20,"OAXACA",299,"SAN PABLO YAGANIZA"
48420300,20,"OAXACA",300,"SAN PEDRO AMUZGOS"
48420301,20,"OAXACA",301,"SAN PEDRO APÓSTOL"
48420302,20,"OAXACA",302,"SAN PEDRO ATOYAC"
48420303,20,"OAXACA",303,"SAN PEDRO CAJONOS"
48420304,20,"OAXACA",304,"SAN PEDRO COXCALTEPEC CANTAROS"
48420305,20,"OAXACA",305,"SAN PEDRO COMITANCILLO"
48420306,20,"OAXACA",306,"SAN PEDRO EL ALTO"
48420307,20,"OAXACA",307,"SAN PEDRO HUAMELULA"
48420308,20,"OAXACA",308,"SAN PEDRO HUILOTEPEC"
48420309,20,"OAXACA",309,"SAN PEDRO IXCATLAN"
48420310,20,"OAXACA",310,"SAN PEDRO IXTLAHUACA"
48420311,20,"OAXACA",311,"SAN PEDRO JALTEPETONGO"
48420312,20,"OAXACA",312,"SAN PEDRO JICAYÁN"
48420313,20,"OAXACA",313,"SAN PEDRO JOCOTIPAC"
48420314,20,"OAXACA",314,"SAN PEDRO JUCHATENGO"
48420315,20,"OAXACA",315,"SAN PEDRO MARTIR"
48420316,20,"OAXACA",316,"SAN PEDRO MARTIR QUIECHAPA"
48420317,20,"OAXACA",317,"SAN PEDRO MARTIR YUCUXACO"
48420318,20,"OAXACA",318,"SAN PEDRO MIXTEPEC -DTO. XXII -"
48420319,20,"OAXACA",319,"SAN PEDRO MIXTEPEC -DTO. XXVI -"
48420320,20,"OAXACA",320,"SAN PEDRO MOLINOS"
48420321,20,"OAXACA",321,"SAN PEDRO NOPALA"
48420322,20,"OAXACA",322,"SAN PEDRO OCOPETATILLO"
48420323,20,"OAXACA",323,"SAN PEDRO OCOTEPEC"
48420324,20,"OAXACA",324,"SAN PEDRO POCHUTLA"
48420325,20,"OAXACA",325,"SAN PEDRO QUIATONI"
48420326,20,"OAXACA",326,"SAN PEDRO SOCHIÁPAM"
48420327,20,"OAXACA",327,"SAN PEDRO TAPANATEPEC"
48420328,20,"OAXACA",328,"SAN PEDRO TAVICHE"
48420329,20,"OAXACA",329,"SAN PEDRO TEOZACOALCO"
48420330,20,"OAXACA",330,"SAN PEDRO TEUTILA"
48420331,20,"OAXACA",331,"SAN PEDRO TIDAÁ"
48420332,20,"OAXACA",332,"SAN PEDRO TOPILTEPEC"
48420333,20,"OAXACA",333,"SAN PEDRO TOTOLAPA"
48420334,20,"OAXACA",334,"VILLA DE TUTUTEPEC DE MELCHOR OCAMPO"
48420335,20,"OAXACA",335,"SAN PEDRO YANERI"
48420336,20,"OAXACA",336,"SAN PEDRO YÓLOX"
48420337,20,"OAXACA",337,"SAN PEDRO Y SAN PABLO AYUTLA"
48420338,20,"OAXACA",338,"VILLA DE ETLA"
48420339,20,"OAXACA",339,"SAN PEDRO Y SAN PABLO TEPOSCOLULA"
48420340,20,"OAXACA",340,"SAN PEDRO Y SAN PABLO TEQUIXTEPEC"
48420341,20,"OAXACA",341,"SAN PEDRO YUCUNAMA"
48420342,20,"OAXACA",342,"SAN RAYMUNDO JALPAN"
48420343,20,"OAXACA",343,"SAN SEBASTIÁN ABASOLO"
48420344,20,"OAXACA",344,"SAN SEBASTIÁN COATLÁN"
48420345,20,"OAXACA",345,"SAN SEBASTIAN IXCAPA"
48420346,20,"OAXACA",346,"SAN SEBASTIAN NICANANDUTA"
48420347,20,"OAXACA",347,"SAN SEBASTIAN RIO HONDO"
48420348,20,"OAXACA",348,"SAN SEBASTIÁN TECOMAXTLAHUACA"
48420349,20,"OAXACA",349,"SAN SEBASTIÁN TEITIPAC"
48420350,20,"OAXACA",350,"SAN SEBASTIÁN TUTLA"
48420351,20,"OAXACA",351,"SAN SIMÓN ALMOLONGAS"
48420352,20,"OAXACA",352,"SAN SIMÓN ZAHUATLÁN"
48420353,20,"OAXACA",353,"SANTA ANA"
48420354,20,"OAXACA",354,"SANTA ANA ATEIXTLAHUACA"
48420355,20,"OAXACA",355,"SANTA ANA CUAUHTEMOC"
48420356,20,"OAXACA",356,"SANTA ANA DEL VALLE"
48420357,20,"OAXACA",357,"SANTA ANA TAVELA"
48420358,20,"OAXACA",358,"SANTA ANA TLAPACOYAN"
48420359,20,"OAXACA",359,"SANTA ANA YARENI"
48420360,20,"OAXACA",360,"SANTA ANA ZEGACHE"
48420361,20,"OAXACA",361,"SANTA CATALINA QUIERI"
48420362,20,"OAXACA",362,"SANTA CATARINA CUIXTLA"
48420363,20,"OAXACA",363,"SANTA CATARINA IXTEPEJI"
48420364,20,"OAXACA",364,"SANTA CATARINA JUQUILA"
48420365,20,"OAXACA",365,"SANTA CATARINA LACHATAO"
48420366,20,"OAXACA",366,"SANTA CATARINA LOXICHA"
48420367,20,"OAXACA",367,"SANTA CATARINA MECHOACAN"
48420368,20,"OAXACA",368,"SANTA CATARINA MINAS"
48420369,20,"OAXACA",369,"SANTA CATARINA QUIANÉ"
48420370,20,"OAXACA",370,"SANTA CATARINA TAYATA"
48420371,20,"OAXACA",371,"SANTA CATARINA TICUA"
48420372,20,"OAXACA",372,"SANTA CATARINA YOSONOTU"
48420373,20,"OAXACA",373,"SANTA CATARINA ZAPOQUILA"
48420374,20,"OAXACA",374,"SANTA CRUZ ACATEPEC"
48420375,20,"OAXACA",375,"SANTA CRUZ AMILPAS"
48420376,20,"OAXACA",376,"SANTA CRUZ DE BRAVO"
48420377,20,"OAXACA",377,"SANTA CRUZ ITUNDUJIA"
48420378,20,"OAXACA",378,"SANTA CRUZ MIXTEPEC"
48420379,20,"OAXACA",379,"SANTA CRUZ NUNDACO"
48420380,20,"OAXACA",380,"SANTA CRUZ PAPALUTLA"
48420381,20,"OAXACA",381,"SANTA CRUZ TACACHE DE MINA"
48420382,20,"OAXACA",382,"SANTA CRUZ TACAHUA"
48420383,20,"OAXACA",383,"SANTA CRUZ TAYATA"
48420384,20,"OAXACA",384,"SANTA CRUZ XITLA"
48420385,20,"OAXACA",385,"SANTA CRUZ XOXOCOTLÁN"
48420386,20,"OAXACA",386,"SANTA CRUZ ZENZONTEPEC"
48420387,20,"OAXACA",387,"SANTA GERTRUDIS"
48420388,20,"OAXACA",388,"SANTA INÉS DEL MONTE"
48420389,20,"OAXACA",389,"SANTA INÉS YATZECHE"
48420390,20,"OAXACA",390,"SANTA LUCIA DEL CAMINO"
48420391,20,"OAXACA",391,"SANTA LUCÍA MIAHUATLÁN"
48420392,20,"OAXACA",392,"SANTA LUCIA MONTEVERDE"
48420393,20,"OAXACA",393,"SANTA LUCÍA OCOTLÁN"
48420394,20,"OAXACA",394,"SANTA MARIA ALOTEPEC"
48420395,20,"OAXACA",395,"SANTA MARÍA APAZCO"
48420396,20,"OAXACA",396,"SANTA MARIA LA ASUNCION"
48420397,20,"OAXACA",397,"HEROICA CIUDAD DE TLAXIACO"
48420398,20,"OAXACA",398,"AYOQUEZCO DE ALDAMA"
48420399,20,"OAXACA",399,"SANTA MARÍA ATZOMPA"
48420400,20,"OAXACA",400,"SANTA MARÍA CAMOTLÁN"
48420401,20,"OAXACA",401,"SANTA MARÍA COLOTEPEC"
48420402,20,"OAXACA",402,"SANTA MARÍA CORTIJO"
48420403,20,"OAXACA",403,"SANTA MARÍA COYOTEPEC"
48420404,20,"OAXACA",404,"SANTA MARIA CHACHOAPAM"
48420405,20,"OAXACA",405,"VILLA DE CHILAPA DE DIAZ"
48420406,20,"OAXACA",406,"SANTA MARÍA CHILCHOTLA"
48420407,20,"OAXACA",407,"SANTA MARÍA CHIMALAPA"
48420408,20,"OAXACA",408,"SANTA MARIA DEL ROSARIO"
48420409,20,"OAXACA",409,"SANTA MARÍA DEL TULE"
48420410,20,"OAXACA",410,"SANTA MARIA ECATEPEC"
48420411,20,"OAXACA",411,"SANTA MARÍA GUELACÉ"
48420412,20,"OAXACA",412,"SANTA MARÍA GUIENAGATI"
48420413,20,"OAXACA",413,"SANTA MARÍA HUATULCO"
48420414,20,"OAXACA",414,"SANTA MARÍA HUAZOLOTITLÁN"
48420415,20,"OAXACA",415,"SANTA MARIA IPALAPA"
48420416,20,"OAXACA",416,"SANTA MARIA IXCATLAN"
48420417,20,"OAXACA",417,"SANTA MARÍA JACATEPEC"
48420418,20,"OAXACA",418,"SANTA MARÍA JALAPA DEL MARQUÉS"
48420419,20,"OAXACA",419,"SANTA MARÍA JALTIANGUIS"
48420420,20,"OAXACA",420,"SANTA MARÍA LACHIXÍO"
48420421,20,"OAXACA",421,"SANTA MARÍA MIXTEQUILLA"
48420422,20,"OAXACA",422,"SANTA MARIA NATIVITAS"
48420423,20,"OAXACA",423,"SANTA MARÍA NDUAYACO"
48420424,20,"OAXACA",424,"SANTA MARIA OZOLOTEPEC"
48420425,20,"OAXACA",425,"SANTA MARIA PAPALO"
48420426,20,"OAXACA",426,"SANTA MARÍA PEÑOLES"
48420427,20,"OAXACA",427,"SANTA MARÍA PETAPA"
48420428,20,"OAXACA",428,"SANTA MARIA QUIEGOLANI"
48420429,20,"OAXACA",429,"SANTA MARIA SOLA"
48420430,20,"OAXACA",430,"SANTA MARIA TATALTEPEC"
48420431,20,"OAXACA",431,"SANTA MARIA TECOMAVACA"
48420432,20,"OAXACA",432,"SANTA MARIA TEMAXCALAPA"
48420433,20,"OAXACA",433,"SANTA MARIA TEMAXCALTEPEC"
48420434,20,"OAXACA",434,"SANTA MARIA TEOPOXCO"
48420435,20,"OAXACA",435,"SANTA MARIA TEPANTLALI"
48420436,20,"OAXACA",436,"SANTA MARIA TEXCATITLAN"
48420437,20,"OAXACA",437,"SANTA MARIA TLAHUITOLTEPEC"
48420438,20,"OAXACA",438,"SANTA MARIA TLALIXTAC"
48420439,20,"OAXACA",439,"SANTA MARÍA TONAMECA"
48420440,20,"OAXACA",440,"SANTA MARIA TOTOLAPILLA"
48420441,20,"OAXACA",441,"SANTA MARÍA XADANI"
48420442,20,"OAXACA",442,"SANTA MARIA YALINA"
48420443,20,"OAXACA",443,"SANTA MARIA YAVESIA"
48420444,20,"OAXACA",444,"SANTA MARIA YOLOTEPEC"
48420445,20,"OAXACA",445,"SANTA MARIA YOSOYUA"
48420446,20,"OAXACA",446,"SANTA MARÍA YUCUHITI"
48420447,20,"OAXACA",447,"SANTA MARÍA ZACATEPEC"
48420448,20,"OAXACA",448,"SANTA MARÍA ZANIZA"
48420449,20,"OAXACA",449,"SANTA MARÍA ZOQUITLÁN"
48420450,20,"OAXACA",450,"SANTIAGO AMOLTEPEC"
48420451,20,"OAXACA",451,"SANTIAGO APOALA"
48420452,20,"OAXACA",452,"SANTIAGO APOSTOL"
48420453,20,"OAXACA",453,"SANTIAGO ASTATA"
48420454,20,"OAXACA",454,"SANTIAGO ATITLÁN"
48420455,20,"OAXACA",455,"SANTIAGO AYUQUILILLA"
48420456,20,"OAXACA",456,"SANTIAGO CACALOXTEPEC"
48420457,20,"OAXACA",457,"SANTIAGO CAMOTLAN"
48420458,20,"OAXACA",458,"SANTIAGO COMALTEPEC"
48420459,20,"OAXACA",459,"SANTIAGO CHAZUMBA"
48420460,20,"OAXACA",460,"SANTIAGO CHOAPAM"
48420461,20,"OAXACA",461,"SANTIAGO DEL RIO"
48420462,20,"OAXACA",462,"SANTIAGO HUAJOLOTITLÁN"
48420463,20,"OAXACA",463,"SANTIAGO HUAUCLILLA"
48420464,20,"OAXACA",464,"SANTIAGO IHUITLAN PLUMAS"
48420465,20,"OAXACA",465,"SANTIAGO IXCUINTEPEC"
48420466,20,"OAXACA",466,"SANTIAGO IXTAYUTLA"
48420467,20,"OAXACA",467,"SANTIAGO JAMILTEPEC"
48420468,20,"OAXACA",468,"SANTIAGO JOCOTEPEC"
48420469,20,"OAXACA",469,"SANTIAGO JUXTLAHUACA"
48420470,20,"OAXACA",470,"SANTIAGO LACHIGUIRI"
48420471,20,"OAXACA",471,"SANTIAGO LALOPA"
48420472,20,"OAXACA",472,"SANTIAGO LAOLLAGA"
48420473,20,"OAXACA",473,"SANTIAGO LAXOPA"
48420474,20,"OAXACA",474,"SANTIAGO LLANO GRANDE"
48420475,20,"OAXACA",475,"SANTIAGO MATATLÁN"
48420476,20,"OAXACA",476,"SANTIAGO MILTEPEC"
48420477,20,"OAXACA",477,"SANTIAGO MINAS"
48420478,20,"OAXACA",478,"SANTIAGO NACALTEPEC"
48420479,20,"OAXACA",479,"SANTIAGO NEJAPILLA"
48420480,20,"OAXACA",480,"SANTIAGO NUNDICHE"
48420481,20,"OAXACA",481,"SANTIAGO NUYOO"
48420482,20,"OAXACA",482,"SANTIAGO PINOTEPA NACIONAL"
48420483,20,"OAXACA",483,"SANTIAGO SUCHILQUITONGO"
48420484,20,"OAXACA",484,"SANTIAGO TAMAZOLA"
48420485,20,"OAXACA",485,"SANTIAGO TAPEXTLA"
48420486,20,"OAXACA",486,"VILLA TEJUPAM DE LA UNION"
48420487,20,"OAXACA",487,"SANTIAGO TENANGO"
48420488,20,"OAXACA",488,"SANTIAGO TEPETLAPA"
48420489,20,"OAXACA",489,"SANTIAGO TETEPEC"
48420490,20,"OAXACA",490,"SANTIAGO TEXCALCINGO"
48420491,20,"OAXACA",491,"SANTIAGO TEXTITLÁN"
48420492,20,"OAXACA",492,"SANTIAGO TILANTONGO"
48420493,20,"OAXACA",493,"SANTIAGO TILLO"
48420494,20,"OAXACA",494,"SANTIAGO TLAZOYALTEPEC"
48420495,20,"OAXACA",495,"SANTIAGO XANICA"
48420496,20,"OAXACA",496,"SANTIAGO XIACUI"
48420497,20,"OAXACA",497,"SANTIAGO YAITEPEC"
48420498,20,"OAXACA",498,"SANTIAGO YAVEO"
48420499,20,"OAXACA",499,"SANTIAGO YOLOMÉCATL"
48420500,20,"OAXACA",500,"SANTIAGO YOSONDÚA"
48420501,20,"OAXACA",501,"SANTIAGO YUCUYACHI"
48420502,20,"OAXACA",502,"SANTIAGO ZACATEPEC"
48420503,20,"OAXACA",503,"SANTIAGO ZOOCHILA"
48420504,20,"OAXACA",504,"NUEVO ZOQUIÁPAM"
48420505,20,"OAXACA",505,"SANTO DOMINGO INGENIO"
48420506,20,"OAXACA",506,"SANTO DOMINGO ALBARRADAS"
48420507,20,"OAXACA",507,"SANTO DOMINGO ARMENTA"
48420508,20,"OAXACA",508,"SANTO DOMINGO CHIHUITÁN"
48420509,20,"OAXACA",509,"SANTO DOMINGO DE MORELOS"
48420510,20,"OAXACA",510,"SANTO DOMINGO IXCATLÁN"
48420511,20,"OAXACA",511,"SANTO DOMINGO NUXAA"
48420512,20,"OAXACA",512,"SANTO DOMINGO OZOLOTEPEC"
48420513,20,"OAXACA",513,"SANTO DOMINGO PETAPA"
48420514,20,"OAXACA",514,"SANTO DOMINGO ROAYAGA"
48420515,20,"OAXACA",515,"SANTO DOMINGO TEHUANTEPEC"
48420516,20,"OAXACA",516,"SANTO DOMINGO TEOJOMULCO"
48420517,20,"OAXACA",517,"SANTO DOMINGO TEPUXTEPEC"
48420518,20,"OAXACA",518,"SANTO DOMINGO TLATAYAPAM"
48420519,20,"OAXACA",519,"SANTO DOMINGO TOMALTEPEC"
48420520,20,"OAXACA",520,"SANTO DOMINGO TONALÁ"
48420521,20,"OAXACA",521,"SANTO DOMINGO TONALTEPEC"
48420522,20,"OAXACA",522,"SANTO DOMINGO XAGACIA"
48420523,20,"OAXACA",523,"SANTO DOMINGO YANHUITLAN"
48420524,20,"OAXACA",524,"SANTO DOMINGO YODOHINO"
48420525,20,"OAXACA",525,"SANTO DOMINGO ZANATEPEC"
48420526,20,"OAXACA",526,"SANTOS REYES NOPALA"
48420527,20,"OAXACA",527,"SANTOS REYES PAPALO"
48420528,20,"OAXACA",528,"SANTOS REYES TEPEJILLO"
48420529,20,"OAXACA",529,"SANTOS REYES YUCUNA"
48420530,20,"OAXACA",530,"SANTO TOMÁS JALIEZA"
48420531,20,"OAXACA",531,"SANTO TOMAS MAZALTEPEC"
48420532,20,"OAXACA",532,"SANTO TOMAS OCOTEPEC"
48420533,20,"OAXACA",533,"SANTO TOMAS TAMAZULAPAN"
48420534,20,"OAXACA",534,"SAN VICENTE COATLÁN"
48420535,20,"OAXACA",535,"SAN VICENTE LACHIXÍO"
48420536,20,"OAXACA",536,"SAN VICENTE NUÑU"
48420537,20,"OAXACA",537,"SILACAYOAPAM"
48420538,20,"OAXACA",538,"SITIO DE XITLAPEHUA"
48420539,20,"OAXACA",539,"SOLEDAD ETLA"
48420540,20,"OAXACA",540,"VILLA DE TAMAZULÁPAM DEL PROGRESO"
48420541,20,"OAXACA",541,"TANETZE DE ZARAGOZA"
48420542,20,"OAXACA",542,"TANICHE"
48420543,20,"OAXACA",543,"TATALTEPEC DE VALDES"
48420544,20,"OAXACA",544,"TEOCOCUILCO DE MARCOS PÉREZ"
48420545,20,"OAXACA",545,"TEOTITLÁN DE FLORES MAGÓN"
48420546,20,"OAXACA",546,"TEOTITLÁN DEL VALLE"
48420547,20,"OAXACA",547,"TEOTONGO"
48420548,20,"OAXACA",548,"TEPELMEME VILLA DE MORELOS"
48420549,20,"OAXACA",549,"TEZOATLAN DE SEGURA Y LUNA"
48420550,20,"OAXACA",550,"SAN JERÓNIMO TLACOCHAHUAYA"
48420551,20,"OAXACA",551,"TLACOLULA DE MATAMOROS"
48420552,20,"OAXACA",552,"TLACOTEPEC PLUMAS"
48420553,20,"OAXACA",553,"TLALIXTAC DE CABRERA"
48420554,20,"OAXACA",554,"TOTONTEPEC VILLA DE MORELOS"
48420555,20,"OAXACA",555,"TRINIDAD ZAACHILA"
48420556,20,"OAXACA",556,"LA TRINIDAD VISTA HERMOSA"
48420557,20,"OAXACA",557,"UNIÓN HIDALGO"
48420558,20,"OAXACA",558,"VALERIO TRUJANO"
48420559,20,"OAXACA",559,"SAN JUAN BAUTISTA VALLE NACIONAL"
48420560,20,"OAXACA",560,"VILLA DIAZ ORDAZ"
48420561,20,"OAXACA",561,"YAXE"
48420562,20,"OAXACA",562,"MAGDALENA YODOCONO DE PORFIRIO DIAZ"
48420563,20,"OAXACA",563,"YOGANA"
48420564,20,"OAXACA",564,"YUTANDUCHI DE GUERRERO"
48420565,20,"OAXACA",565,"VILLA DE ZAACHILA"
48420566,20,"OAXACA",566,"ZAPOTITLAN DEL RIO"
48420567,20,"OAXACA",567,"ZAPOTITLÁN LAGUNAS"
48420568,20,"OAXACA",568,"ZAPOTITLÁN PALMAS"
48420569,20,"OAXACA",569,"SANTA INES DE ZARAGOZA"
48420570,20,"OAXACA",570,"ZIMATLÁN DE ÁLVAREZ"
48421001,21,"PUEBLA",1,"ACAJETE"
48421002,21,"PUEBLA",2,"ACATENO"
48421003,21,"PUEBLA",3,"ACATLÁN"
48421004,21,"PUEBLA",4,"ACATZINGO"
48421005,21,"PUEBLA",5,"ACTEOPAN"
48421006,21,"PUEBLA",6,"AHUACATLÁN"
48421007,21,"PUEBLA",7,"AHUATLAN"
48421008,21,"PUEBLA",8,"AHUAZOTEPEC"
48421009,21,"PUEBLA",9,"AHUEHUETITLA"
48421010,21,"PUEBLA",10,"AJALPAN"
48421011,21,"PUEBLA",11,"ALBINO ZERTUCHE"
48421012,21,"PUEBLA",12,"ALJOJUCA"
48421013,21,"PUEBLA",13,"ALTEPEXI"
48421014,21,"PUEBLA",14,"AMIXTLÁN"
48421015,21,"PUEBLA",15,"AMOZOC"
48421016,21,"PUEBLA",16,"AQUIXTLA"
48421017,21,"PUEBLA",17,"ATEMPAN"
48421018,21,"PUEBLA",18,"ATEXCAL"
48421019,21,"PUEBLA",19,"ATLIXCO"
48421020,21,"PUEBLA",20,"ATOYATEMPAN"
48421021,21,"PUEBLA",21,"ATZALA"
48421022,21,"PUEBLA",22,"ATZITZIHUACÁN"
48421023,21,"PUEBLA",23,"ATZITZINTLA"
48421024,21,"PUEBLA",24,"AXUTLA"
48421025,21,"PUEBLA",25,"AYOTOXCO DE GUERRERO"
48421026,21,"PUEBLA",26,"CALPAN"
48421027,21,"PUEBLA",27,"CALTEPEC"
48421028,21,"PUEBLA",28,"CAMOCUAUTLA"
48421029,21,"PUEBLA",29,"CAXHUACAN"
48421030,21,"PUEBLA",30,"COATEPEC"
48421031,21,"PUEBLA",31,"COATZINGO"
48421032,21,"PUEBLA",32,"COHETZALA"
48421033,21,"PUEBLA",33,"COHUECAN"
48421034,21,"PUEBLA",34,"CORONANGO"
48421035,21,"PUEBLA",35,"COXCATLÁN"
48421036,21,"PUEBLA",36,"COYOMEAPAN"
48421037,21,"PUEBLA",37,"COYOTEPEC"
48421038,21,"PUEBLA",38,"CUAPIAXTLA DE MADERO"
48421039,21,"PUEBLA",39,"CUAUTEMPAN"
48421040,21,"PUEBLA",40,"CUAUTINCHÁN"
48421041,21,"PUEBLA",41,"CUAUTLANCINGO"
48421042,21,"PUEBLA",42,"CUAYUCA DE ANDRADE"
48421043,21,"PUEBLA",43,"CUETZALAN DEL PROGRESO"
48421044,21,"PUEBLA",44,"CUYOACO"
48421045,21,"PUEBLA",45,"CHALCHICOMULA DE SESMA"
48421046,21,"PUEBLA",46,"CHAPULCO"
48421047,21,"PUEBLA",47,"CHIAUTLA"
48421048,21,"PUEBLA",48,"CHIAUTZINGO"
48421049,21,"PUEBLA",49,"CHICONCUAUTLA"
48421050,21,"PUEBLA",50,"CHICHIQUILA"
48421051,21,"PUEBLA",51,"CHIETLA"
48421052,21,"PUEBLA",52,"CHIGMECATITLAN"
48421053,21,"PUEBLA",53,"CHIGNAHUAPAN"
48421054,21,"PUEBLA",54,"CHIGNAUTLA"
48421055,21,"PUEBLA",55,"CHILA"
48421056,21,"PUEBLA",56,"CHILA DE LA SAL"
48421057,21,"PUEBLA",57,"HONEY"
48421058,21,"PUEBLA",58,"CHILCHOTLA"
48421059,21,"PUEBLA",59,"CHINANTLA"
48421060,21,"PUEBLA",60,"DOMINGO ARENAS"
48421061,21,"PUEBLA",61,"ELOXOCHITLÁN"
48421062,21,"PUEBLA",62,"EPATLAN"
48421063,21,"PUEBLA",63,"ESPERANZA"
48421064,21,"PUEBLA",64,"FRANCISCO Z. MENA"
48421065,21,"PUEBLA",65,"GENERAL FELIPE ÁNGELES"
48421066,21,"PUEBLA",66,"GUADALUPE"
48421067,21,"PUEBLA",67,"GUADALUPE VICTORIA"
48421068,21,"PUEBLA",68,"HERMENEGILDO GALEANA"
48421069,21,"PUEBLA",69,"HUAQUECHULA"
48421070,21,"PUEBLA",70,"HUATLATLAUCA"
48421071,21,"PUEBLA",71,"HUAUCHINANGO"
48421072,21,"PUEBLA",72,"HUEHUETLA"
48421073,21,"PUEBLA",73,"HUEHUETLÁN EL CHICO"
48421074,21,"PUEBLA",74,"HUEJOTZINGO"
48421075,21,"PUEBLA",75,"HUEYAPAN"
48421076,21,"PUEBLA",76,"HUEYTAMALCO"
48421077,21,"PUEBLA",77,"HUEYTLALPAN"
48421078,21,"PUEBLA",78,"HUITZILAN DE SERDAN"
48421079,21,"PUEBLA",79,"HUITZILTEPEC"
48421080,21,"PUEBLA",80,"ATLEQUIZAYAN"
48421081,21,"PUEBLA",81,"IXCAMILPA DE GUERRERO"
48421082,21,"PUEBLA",82,"IXCAQUIXTLA"
48421083,21,"PUEBLA",83,"IXTACAMAXTITLÁN"
48421084,21,"PUEBLA",84,"IXTEPEC"
48421085,21,"PUEBLA",85,"IZÚCAR DE MATAMOROS"
48421086,21,"PUEBLA",86,"JALPAN"
48421087,21,"PUEBLA",87,"JOLALPAN"
48421088,21,"PUEBLA",88,"JONOTLA"
48421089,21,"PUEBLA",89,"JOPALA"
48421090,21,"PUEBLA",90,"JUAN C. BONILLA"
48421091,21,"PUEBLA",91,"JUAN GALINDO"
48421092,21,"PUEBLA",92,"JUAN N. MENDEZ"
48421093,21,"PUEBLA",93,"LAFRAGUA"
48421094,21,"PUEBLA",94,"LIBRES"
48421095,21,"PUEBLA",95,"LA MAGDALENA TLATLAUQUITEPEC"
48421096,21,"PUEBLA",96,"MAZAPILTEPEC DE JUÁREZ"
48421097,21,"PUEBLA",97,"MIXTLA"
48421098,21,"PUEBLA",98,"MOLCAXAC"
48421099,21,"PUEBLA",99,"CAÑADA MORELOS"
48421100,21,"PUEBLA",100,"NAUPAN"
48421101,21,"PUEBLA",101,"NAUZONTLA"
48421102,21,"PUEBLA",102,"NEALTICAN"
48421103,21,"PUEBLA",103,"NICOLÁS BRAVO"
48421104,21,"PUEBLA",104,"NOPALUCAN"
48421105,21,"PUEBLA",105,"OCOTEPEC"
48421106,21,"PUEBLA",106,"OCOYUCAN"
48421107,21,"PUEBLA",107,"OLINTLA"
48421108,21,"PUEBLA",108,"ORIENTAL"
48421109,21,"PUEBLA",109,"PAHUATLÁN"
48421110,21,"PUEBLA",110,"PALMAR DE BRAVO"
48421111,21,"PUEBLA",111,"PANTEPEC"
48421112,21,"PUEBLA",112,"PETLALCINGO"
48421113,21,"PUEBLA",113,"PIAXTLA"
48421114,21,"PUEBLA",114,"PUEBLA"
48421115,21,"PUEBLA",115,"QUECHOLAC"
48421116,21,"PUEBLA",116,"QUIMIXTLAN"
48421117,21,"PUEBLA",117,"RAFAEL LARA GRAJALES"
48421118,21,"PUEBLA",118,"LOS REYES DE JUÁREZ"
48421119,21,"PUEBLA",119,"SAN ANDRÉS CHOLULA"
48421120,21,"PUEBLA",120,"SAN ANTONIO CAÑADA"
48421121,21,"PUEBLA",121,"SAN DIEGO LA MESA TOCHIMILTZINGO"
48421122,21,"PUEBLA",122,"SAN FELIPE TEOTLALCINGO"
48421123,21,"PUEBLA",123,"SAN FELIPE TEPATLAN"
48421124,21,"PUEBLA",124,"SAN GABRIEL CHILAC"
48421125,21,"PUEBLA",125,"SAN GREGORIO ATZOMPA"
48421126,21,"PUEBLA",126,"SAN JERÓNIMO TECUANIPAN"
48421127,21,"PUEBLA",127,"SAN JERÓNIMO XAYACATLÁN"
48421128,21,"PUEBLA",128,"SAN JOSÉ CHIAPA"
48421129,21,"PUEBLA",129,"SAN JOSÉ MIAHUATLÁN"
48421130,21,"PUEBLA",130,"SAN JUAN ATENCO"
48421131,21,"PUEBLA",131,"SAN JUAN ATZOMPA"
48421132,21,"PUEBLA",132,"SAN MARTÍN TEXMELUCAN"
48421133,21,"PUEBLA",133,"SAN MARTIN TOTOLTEPEC"
48421134,21,"PUEBLA",134,"SAN MATÍAS TLALANCALECA"
48421135,21,"PUEBLA",135,"SAN MIGUEL IXITLÁN"
48421136,21,"PUEBLA",136,"SAN MIGUEL XOXTLA"
48421137,21,"PUEBLA",137,"SAN NICOLÁS BUENOS AIRES"
48421138,21,"PUEBLA",138,"SAN NICOLÁS DE LOS RANCHOS"
48421139,21,"PUEBLA",139,"SAN PABLO ANICANO"
48421140,21,"PUEBLA",140,"SAN PEDRO CHOLULA"
48421141,21,"PUEBLA",141,"SAN PEDRO YELOIXTLAHUACA"
48421142,21,"PUEBLA",142,"SAN SALVADOR EL SECO"
48421143,21,"PUEBLA",143,"SAN SALVADOR EL VERDE"
48421144,21,"PUEBLA",144,"SAN SALVADOR HUIXCOLOTLA"
48421145,21,"PUEBLA",145,"SAN SEBASTIÁN TLACOTEPEC"
48421146,21,"PUEBLA",146,"SANTA CATARINA TLALTEMPAN"
48421147,21,"PUEBLA",147,"SANTA INÉS AHUATEMPAN"
48421148,21,"PUEBLA",148,"SANTA ISABEL CHOLULA"
48421149,21,"PUEBLA",149,"SANTIAGO MIAHUATLÁN"
48421150,21,"PUEBLA",150,"HUEHUETLÁN EL GRANDE"
48421151,21,"PUEBLA",151,"SANTO TOMÁS HUEYOTLIPAN"
48421152,21,"PUEBLA",152,"SOLTEPEC"
48421153,21,"PUEBLA",153,"TECALI DE HERRERA"
48421154,21,"PUEBLA",154,"TECAMACHALCO"
48421155,21,"PUEBLA",155,"TECOMATLÁN"
48421156,21,"PUEBLA",156,"TEHUACÁN"
48421157,21,"PUEBLA",157,"TEHUITZINGO"
48421158,21,"PUEBLA",158,"TENAMPULCO"
48421159,21,"PUEBLA",159,"TEOPANTLÁN"
48421160,21,"PUEBLA",160,"TEOTLALCO"
48421161,21,"PUEBLA",161,"TEPANCO DE LÓPEZ"
48421162,21,"PUEBLA",162,"TEPANGO DE RODRIGUEZ"
48421163,21,"PUEBLA",163,"TEPATLAXCO DE HIDALGO"
48421164,21,"PUEBLA",164,"TEPEACA"
48421165,21,"PUEBLA",165,"TEPEMAXALCO"
48421166,21,"PUEBLA",166,"TEPEOJUMA"
48421167,21,"PUEBLA",167,"TEPETZINTLA"
48421168,21,"PUEBLA",168,"TEPEXCO"
48421169,21,"PUEBLA",169,"TEPEXI DE RODRÍGUEZ"
48421170,21,"PUEBLA",170,"TEPEYAHUALCO"
48421171,21,"PUEBLA",171,"TEPEYAHUALCO DE CUAUHTÉMOC"
48421172,21,"PUEBLA",172,"TETELA DE OCAMPO"
48421173,21,"PUEBLA",173,"TETELES DE AVILA CASTILLO"
48421174,21,"PUEBLA",174,"TEZIUTLAN"
48421175,21,"PUEBLA",175,"TIANGUISMANALCO"
48421176,21,"PUEBLA",176,"TILAPA"
48421177,21,"PUEBLA",177,"TLACOTEPEC DE BENITO JUÁREZ"
48421178,21,"PUEBLA",178,"TLACUILOTEPEC"
48421179,21,"PUEBLA",179,"TLACHICHUCA"
48421180,21,"PUEBLA",180,"TLAHUAPAN"
48421181,21,"PUEBLA",181,"TLALTENANGO"
48421182,21,"PUEBLA",182,"TLANEPANTLA"
48421183,21,"PUEBLA",183,"TLAOLA"
48421184,21,"PUEBLA",184,"TLAPACOYA"
48421185,21,"PUEBLA",185,"TLAPANALÁ"
48421186,21,"PUEBLA",186,"TLATLAUQUITEPEC"
48421187,21,"PUEBLA",187,"TLAXCO"
48421188,21,"PUEBLA",188,"TOCHIMILCO"
48421189,21,"PUEBLA",189,"TOCHTEPEC"
48421190,21,"PUEBLA",190,"TOTOLTEPEC DE GUERRERO"
48421191,21,"PUEBLA",191,"TULCINGO"
48421192,21,"PUEBLA",192,"TUZAMAPAN DE GALEANA"
48421193,21,"PUEBLA",193,"TZICATLACOYAN"
48421194,21,"PUEBLA",194,"VENUSTIANO CARRANZA"
48421195,21,"PUEBLA",195,"VICENTE GUERRERO"
48421196,21,"PUEBLA",196,"XAYACATLAN DE BRAVO"
48421197,21,"PUEBLA",197,"XICOTEPEC"
48421198,21,"PUEBLA",198,"XICOTLÁN"
48421199,21,"PUEBLA",199,"XIUTETELCO"
48421200,21,"PUEBLA",200,"XOCHIAPULCO"
48421201,21,"PUEBLA",201,"XOCHILTEPEC"
48421202,21,"PUEBLA",202,"XOCHITLÁN DE VICENTE SUÁREZ"
48421203,21,"PUEBLA",203,"XOCHITLÁN TODOS SANTOS"
48421204,21,"PUEBLA",204,"YAONÁHUAC"
48421205,21,"PUEBLA",205,"YEHUALTEPEC"
48421206,21,"PUEBLA",206,"ZACAPALA"
48421207,21,"PUEBLA",207,"ZACAPOAXTLA"
48421208,21,"PUEBLA",208,"ZACATLÁN"
48421209,21,"PUEBLA",209,"ZAPOTITLÁN"
48421210,21,"PUEBLA",210,"ZAPOTITLÁN DE MÉNDEZ"
48421211,21,"PUEBLA",211,"ZARAGOZA"
48421212,21,"PUEBLA",212,"ZAUTLA"
48421213,21,"PUEBLA",213,"ZIHUATEUTLA"
48421214,21,"PUEBLA",214,"ZINACATEPEC"
48421215,21,"PUEBLA",215,"ZONGOZOTLA"
48421216,21,"PUEBLA",216,"ZOQUIAPAN"
48421217,21,"PUEBLA",217,"ZOQUITLÁN"
48422001,22,"QUERÉTARO",1,"AMEALCO DE BONFIL"
48422002,22,"QUERÉTARO",2,"PINAL DE AMOLES"
48422003,22,"QUERÉTARO",3,"ARROYO SECO"
48422004,22,"QUERÉTARO",4,"CADEREYTA DE MONTES"
48422005,22,"QUERÉTARO",5,"COLÓN"
48422006,22,"QUERÉTARO",6,"CORREGIDORA"
48422007,22,"QUERÉTARO",7,"EZEQUIEL MONTES"
48422008,22,"QUERÉTARO",8,"HUIMILPAN"
48422009,22,"QUERÉTARO",9,"JALPAN DE SERRA"
48422010,22,"QUERÉTARO",10,"LANDA DE MATAMOROS"
48422011,22,"QUERÉTARO",11,"EL MARQUÉS"
48422012,22,"QUERÉTARO",12,"PEDRO ESCOBEDO"
48422013,22,"QUERÉTARO",13,"PEÑAMILLER"
48422014,22,"QUERÉTARO",14,"QUERÉTARO"
48422015,22,"QUERÉTARO",15,"SAN JOAQUÍN"
48422016,22,"QUERÉTARO",16,"SAN JUAN DEL RÍO"
48422017,22,"QUERÉTARO",17,"TEQUISQUIAPAN"
48422018,22,"QUERÉTARO",18,"TOLIMÁN"
48423001,23,"QUINTANA ROO",1,"COZUMEL"
48423002,23,"QUINTANA ROO",2,"FELIPE CARRILLO PUERTO"
48423003,23,"QUINTANA ROO",3,"ISLA MUJERES"
48423004,23,"QUINTANA ROO",4,"OTHÓN P. BLANCO"
48423005,23,"QUINTANA ROO",5,"BENITO JUÁREZ"
48423006,23,"QUINTANA ROO",6,"JOSÉ MARÍA MORELOS"
48423007,23,"QUINTANA ROO",7,"LÁZARO CÁRDENAS"
48423008,23,"QUINTANA ROO",8,"PLAYA DEL CARMEN (ANTES SOLIDARIDAD)"
48423009,23,"QUINTANA ROO",9,"TULUM"
48423010,23,"QUINTANA ROO",10,"BACALAR"
48423011,23,"QUINTANA ROO",11,"PUERTO MORELOS"
48424001,24,"SAN LUIS POTOSÍ",1,"AHUALULCO DEL SONIDO 13"
48424002,24,"SAN LUIS POTOSÍ",2,"ALAQUINES"
48424003,24,"SAN LUIS POTOSÍ",3,"AQUISMÓN"
48424004,24,"SAN LUIS POTOSÍ",4,"ARMADILLO DE LOS INFANTE"
48424005,24,"SAN LUIS POTOSÍ",5,"CÁRDENAS"
48424006,24,"SAN LUIS POTOSÍ",6,"CATORCE"
48424007,24,"SAN LUIS POTOSÍ",7,"CEDRAL"
48424008,24,"SAN LUIS POTOSÍ",8,"CERRITOS"
48424009,24,"SAN LUIS POTOSÍ",9,"CERRO DE SAN PEDRO"
48424010,24,"SAN LUIS POTOSÍ",10,"CIUDAD DEL MAÍZ"
48424011,24,"SAN LUIS POTOSÍ",11,"CIUDAD FERNÁNDEZ"
48424012,24,"SAN LUIS POTOSÍ",12,"TANCANHUITZ"
48424013,24,"SAN LUIS POTOSÍ",13,"CIUDAD VALLES"
48424014,24,"SAN LUIS POTOSÍ",14,"COXCATLÁN"
48424015,24,"SAN LUIS POTOSÍ",15,"CHARCAS"
48424016,24,"SAN LUIS POTOSÍ",16,"EBANO"
48424017,24,"SAN LUIS POTOSÍ",17,"GUADALCÁZAR"
48424018,24,"SAN LUIS POTOSÍ",18,"HUEHUETLÁN"
48424019,24,"SAN LUIS POTOSÍ",19,"LAGUNILLAS"
48424020,24,"SAN LUIS POTOSÍ",20,"MATEHUALA"
48424021,24,"SAN LUIS POTOSÍ",21,"MEXQUITIC DE CARMONA"
48424022,24,"SAN LUIS POTOSÍ",22,"MOCTEZUMA"
48424023,24,"SAN LUIS POTOSÍ",23,"RAYÓN"
48424024,24,"SAN LUIS POTOSÍ",24,"RIOVERDE"
48424025,24,"SAN LUIS POTOSÍ",25,"SALINAS"
48424026,24,"SAN LUIS POTOSÍ",26,"SAN ANTONIO"
48424027,24,"SAN LUIS POTOSÍ",27,"SAN CIRO DE ACOSTA"
48424028,24,"SAN LUIS POTOSÍ",28,"SAN LUIS POTOSÍ"
48424029,24,"SAN LUIS POTOSÍ",29,"SAN MARTÍN CHALCHICUAUTLA"
48424030,24,"SAN LUIS POTOSÍ",30,"SAN NICOLÁS TOLENTINO"
48424031,24,"SAN LUIS POTOSÍ",31,"SANTA CATARINA"
48424032,24,"SAN LUIS POTOSÍ",32,"SANTA MARÍA DEL RÍO"
48424033,24,"SAN LUIS POTOSÍ",33,"SANTO DOMINGO"
48424034,24,"SAN LUIS POTOSÍ",34,"SAN VICENTE TANCUAYALAB"
48424035,24,"SAN LUIS POTOSÍ",35,"SOLEDAD DE GRACIANO SÁNCHEZ"
48424036,24,"SAN LUIS POTOSÍ",36,"TAMASOPO"
48424037,24,"SAN LUIS POTOSÍ",37,"TAMAZUNCHALE"
48424038,24,"SAN LUIS POTOSÍ",38,"TAMPACÁN"
48424039,24,"SAN LUIS POTOSÍ",39,"TAMPAMOLÓN CORONA"
48424040,24,"SAN LUIS POTOSÍ",40,"TAMUÍN"
48424041,24,"SAN LUIS POTOSÍ",41,"TANLAJÁS"
48424042,24,"SAN LUIS POTOSÍ",42,"TANQUIÁN DE ESCOBEDO"
48424043,24,"SAN LUIS POTOSÍ",43,"TIERRA NUEVA"
48424044,24,"SAN LUIS POTOSÍ",44,"VANEGAS"
48424045,24,"SAN LUIS POTOSÍ",45,"VENADO"
48424046,24,"SAN LUIS POTOSÍ",46,"VILLA DE ARRIAGA"
48424047,24,"SAN LUIS POTOSÍ",47,"VILLA DE GUADALUPE"
48424048,24,"SAN LUIS POTOSÍ",48,"VILLA DE LA PAZ"
48424049,24,"SAN LUIS POTOSÍ",49,"VILLA DE RAMOS"
48424050,24,"SAN LUIS POTOSÍ",50,"VILLA DE REYES"
48424051,24,"SAN LUIS POTOSÍ",51,"VILLA HIDALGO"
48424052,24,"SAN LUIS POTOSÍ",52,"VILLA JUÁREZ"
48424053,24,"SAN LUIS POTOSÍ",53,"AXTLA DE TERRAZAS"
48424054,24,"SAN LUIS POTOSÍ",54,"XILITLA"
48424055,24,"SAN LUIS POTOSÍ",55,"ZARAGOZA"
48424056,24,"SAN LUIS POTOSÍ",56,"VILLA DE ARISTA"
48424057,24,"SAN LUIS POTOSÍ",57,"MATLAPA"
48424058,24,"SAN LUIS POTOSÍ",58,"EL NARANJO"
48424059,24,"SAN LUIS POTOSÍ",59,"VILLA DE POZOS"
48425001,25,"SINALOA",1,"AHOME"
48425002,25,"SINALOA",2,"ANGOSTURA"
48425003,25,"SINALOA",3,"BADIRAGUATO"
48425004,25,"SINALOA",4,"CONCORDIA"
48425005,25,"SINALOA",5,"COSALÁ"
48425006,25,"SINALOA",6,"CULIACÁN"
48425007,25,"SINALOA",7,"CHOIX"
48425008,25,"SINALOA",8,"ELOTA"
48425009,25,"SINALOA",9,"ESCUINAPA"
48425010,25,"SINALOA",10,"EL FUERTE"
48425011,25,"SINALOA",11,"GUASAVE"
48425012,25,"SINALOA",12,"MAZATLÁN"
48425013,25,"SINALOA",13,"MOCORITO"
48425014,25,"SINALOA",14,"ROSARIO"
48425015,25,"SINALOA",15,"SALVADOR ALVARADO"
48425016,25,"SINALOA",16,"SAN IGNACIO"
48425017,25,"SINALOA",17,"SINALOA"
48425018,25,"SINALOA",18,"NAVOLATO"
48425019,25,"SINALOA",19,"ELDORADO"
48425020,25,"SINALOA",20,"JUAN JOSÉ RÍOS"
48426001,26,"SONORA",1,"ACONCHI"
48426002,26,"SONORA",2,"AGUA PRIETA"
48426003,26,"SONORA",3,"ÁLAMOS"
48426004,26,"SONORA",4,"ALTAR"
48426005,26,"SONORA",5,"ARIVECHI"
48426006,26,"SONORA",6,"ARIZPE"
48426007,26,"SONORA",7,"ATIL"
48426008,26,"SONORA",8,"BACADÉHUACHI"
48426009,26,"SONORA",9,"BACANORA"
48426010,26,"SONORA",10,"BACERAC"
48426011,26,"SONORA",11,"BACOACHI"
48426012,26,"SONORA",12,"BÁCUM"
48426013,26,"SONORA",13,"BANÁMICHI"
48426014,26,"SONORA",14,"BAVIÁCORA"
48426015,26,"SONORA",15,"BAVISPE"
48426016,26,"SONORA",16,"BENJAMÍN HILL"
48426017,26,"SONORA",17,"CABORCA"
48426018,26,"SONORA",18,"CAJEME"
48426019,26,"SONORA",19,"CANANEA"
48426020,26,"SONORA",20,"CARBÓ"
48426021,26,"SONORA",21,"LA COLORADA"
48426022,26,"SONORA",22,"CUCURPE"
48426023,26,"SONORA",23,"CUMPAS"
48426024,26,"SONORA",24,"DIVISADEROS"
48426025,26,"SONORA",25,"EMPALME"
48426026,26,"SONORA",26,"ETCHOJOA"
48426027,26,"SONORA",27,"FRONTERAS"
48426028,26,"SONORA",28,"GRANADOS"
48426029,26,"SONORA",29,"GUAYMAS"
48426030,26,"SONORA",30,"HERMOSILLO"
48426031,26,"SONORA",31,"HUACHINERA"
48426032,26,"SONORA",32,"HUÁSABAS"
48426033,26,"SONORA",33,"HUATABAMPO"
48426034,26,"SONORA",34,"HUÉPAC"
48426035,26,"SONORA",35,"IMURIS"
48426036,26,"SONORA",36,"MAGDALENA"
48426037,26,"SONORA",37,"MAZATÁN"
48426038,26,"SONORA",38,"MOCTEZUMA"
48426039,26,"SONORA",39,"NACO"
48426040,26,"SONORA",40,"NÁCORI CHICO"
48426041,26,"SONORA",41,"NACOZARI DE GARCÍA"
48426042,26,"SONORA",42,"NAVOJOA"
48426043,26,"SONORA",43,"NOGALES"
48426044,26,"SONORA",44,"ÓNAVAS"
48426045,26,"SONORA",45,"OPODEPE"
48426046,26,"SONORA",46,"OQUITOA"
48426047,26,"SONORA",47,"PITIQUITO"
48426048,26,"SONORA",48,"PUERTO PEÑASCO"
48426049,26,"SONORA",49,"QUIRIEGO"
48426050,26,"SONORA",50,"RAYÓN"
48426051,26,"SONORA",51,"ROSARIO"
48426052,26,"SONORA",52,"SAHUARIPA"
48426053,26,"SONORA",53,"SAN FELIPE DE JESÚS"
48426054,26,"SONORA",54,"SAN JAVIER"
48426055,26,"SONORA",55,"SAN LUIS RÍO COLORADO"
48426056,26,"SONORA",56,"SAN MIGUEL DE HORCASITAS"
48426057,26,"SONORA",57,"SAN PEDRO DE LA CUEVA"
48426058,26,"SONORA",58,"SANTA ANA"
48426059,26,"SONORA",59,"SANTA CRUZ"
48426060,26,"SONORA",60,"SÁRIC"
48426061,26,"SONORA",61,"SOYOPA"
48426062,26,"SONORA",62,"SUAQUI GRANDE"
48426063,26,"SONORA",63,"TEPACHE"
48426064,26,"SONORA",64,"TRINCHERAS"
48426065,26,"SONORA",65,"TUBUTAMA"
48426066,26,"SONORA",66,"URES"
48426067,26,"SONORA",67,"VILLA HIDALGO"
48426068,26,"SONORA",68,"VILLA PESQUEIRA"
48426069,26,"SONORA",69,"YÉCORA"
48426070,26,"SONORA",70,"GENERAL PLUTARCO ELÍAS CALLES"
48426071,26,"SONORA",71,"BENITO JUÁREZ"
48426072,26,"SONORA",72,"SAN IGNACIO RÍO MUERTO"
48427001,27,"TABASCO",1,"BALANCAN"
48427002,27,"TABASCO",2,"CARDENAS"
48427003,27,"TABASCO",3,"CENTLA"
48427004,27,"TABASCO",4,"CENTRO"
48427005,27,"TABASCO",5,"COMALCALCO"
48427006,27,"TABASCO",6,"CUNDUACAN"
48427007,27,"TABASCO",7,"EMILIANO ZAPATA"
48427008,27,"TABASCO",8,"HUIMANGUILLO"
48427009,27,"TABASCO",9,"JALAPA"
48427010,27,"TABASCO",10,"JALPA DE MENDEZ"
48427011,27,"TABASCO",11,"JONUTA"
48427012,27,"TABASCO",12,"MACUSPANA"
48427013,27,"TABASCO",13,"NACAJUCA"
48427014,27,"TABASCO",14,"PARAISO"
48427015,27,"TABASCO",15,"TACOTALPA"
48427016,27,"TABASCO",16,"TEAPA"
48427017,27,"TABASCO",17,"TENOSIQUE"
48428001,28,"TAMAULIPAS",1,"ABASOLO"
48428002,28,"TAMAULIPAS",2,"ALDAMA"
48428003,28,"TAMAULIPAS",3,"ALTAMIRA"
48428004,28,"TAMAULIPAS",4,"ANTIGUO MORELOS"
48428005,28,"TAMAULIPAS",5,"BURGOS"
48428006,28,"TAMAULIPAS",6,"BUSTAMANTE"
48428007,28,"TAMAULIPAS",7,"CAMARGO"
48428008,28,"TAMAULIPAS",8,"CASAS"
48428009,28,"TAMAULIPAS",9,"CIUDAD MADERO"
48428010,28,"TAMAULIPAS",10,"CRUILLAS"
48428011,28,"TAMAULIPAS",11,"GÓMEZ FARÍAS"
48428012,28,"TAMAULIPAS",12,"GONZÁLEZ"
48428013,28,"TAMAULIPAS",13,"GÜÉMEZ"
48428014,28,"TAMAULIPAS",14,"GUERRERO"
48428015,28,"TAMAULIPAS",15,"GUSTAVO DÍAZ ORDAZ"
48428016,28,"TAMAULIPAS",16,"HIDALGO"
48428017,28,"TAMAULIPAS",17,"JAUMAVE"
48428018,28,"TAMAULIPAS",18,"JIMÉNEZ"
48428019,28,"TAMAULIPAS",19,"LLERA"
48428020,28,"TAMAULIPAS",20,"MAINERO"
48428021,28,"TAMAULIPAS",21,"EL MANTE"
48428022,28,"TAMAULIPAS",22,"MATAMOROS"
48428023,28,"TAMAULIPAS",23,"MÉNDEZ"
48428024,28,"TAMAULIPAS",24,"MIER"
48428025,28,"TAMAULIPAS",25,"MIGUEL ALEMÁN"
48428026,28,"TAMAULIPAS",26,"MIQUIHUANA"
48428027,28,"TAMAULIPAS",27,"NUEVO LAREDO"
48428028,28,"TAMAULIPAS",28,"NUEVO MORELOS"
48428029,28,"TAMAULIPAS",29,"OCAMPO"
48428030,28,"TAMAULIPAS",30,"PADILLA"
48428031,28,"TAMAULIPAS",31,"PALMILLAS"
48428032,28,"TAMAULIPAS",32,"REYNOSA"
48428033,28,"TAMAULIPAS",33,"RÍO BRAVO"
48428034,28,"TAMAULIPAS",34,"SAN CARLOS"
48428035,28,"TAMAULIPAS",35,"SAN FERNANDO"
48428036,28,"TAMAULIPAS",36,"SAN NICOLÁS"
48428037,28,"TAMAULIPAS",37,"SOTO LA MARINA"
48428038,28,"TAMAULIPAS",38,"TAMPICO"
48428039,28,"TAMAULIPAS",39,"TULA"
48428040,28,"TAMAULIPAS",40,"VALLE HERMOSO"
48428041,28,"TAMAULIPAS",41,"VICTORIA"
48428042,28,"TAMAULIPAS",42,"VILLAGRÁN"
48428043,28,"TAMAULIPAS",43,"XICOTÉNCATL"
48429001,29,"TLAXCALA",1,"AMAXAC DE GUERRERO"
48429002,29,"TLAXCALA",2,"APETATITLAN DE ANTONIO CARVAJAL"
48429003,29,"TLAXCALA",3,"ATLANGATEPEC"
48429004,29,"TLAXCALA",4,"ATLTZAYANCA"
48429005,29,"TLAXCALA",5,"APIZACO"
48429006,29,"TLAXCALA",6,"CALPULALPAN"
48429007,29,"TLAXCALA",7,"EL CARMEN TEQUEXQUITLA"
48429008,29,"TLAXCALA",8,"CUAPIAXTLA"
48429009,29,"TLAXCALA",9,"CUAXOMULCO"
48429010,29,"TLAXCALA",10,"CHIAUTEMPAN"
48429011,29,"TLAXCALA",11,"MUÑOZ DE DOMINGO ARENAS"
48429012,29,"TLAXCALA",12,"ESPAÑITA"
48429013,29,"TLAXCALA",13,"HUAMANTLA"
48429014,29,"TLAXCALA",14,"HUEYOTLIPAN"
48429015,29,"TLAXCALA",15,"IXTACUIXTLA DE MARIANO MATAMOROS"
48429016,29,"TLAXCALA",16,"IXTENCO"
48429017,29,"TLAXCALA",17,"MAZATECOCHCO DE JOSÉ MARÍA MORELOS"
48429018,29,"TLAXCALA",18,"CONTLA DE JUAN CUAMATZI"
48429019,29,"TLAXCALA",19,"TEPETITLA DE LARDIZABAL"
48429020,29,"TLAXCALA",20,"SANCTÓRUM DE LÁZARO CÁRDENAS"
48429021,29,"TLAXCALA",21,"NANACAMILPA DE MARIANO ARISTA"
48429022,29,"TLAXCALA",22,"ACUAMANALA DE MIGUEL HIDALGO"
48429023,29,"TLAXCALA",23,"NATÍVITAS"
48429024,29,"TLAXCALA",24,"PANOTLA"
48429025,29,"TLAXCALA",25,"SAN PABLO DEL MONTE"
48429026,29,"TLAXCALA",26,"SANTA CRUZ TLAXCALA"
48429027,29,"TLAXCALA",27,"TENANCINGO"
48429028,29,"TLAXCALA",28,"TEOLOCHOLCO"
48429029,29,"TLAXCALA",29,"TEPEYANCO"
48429030,29,"TLAXCALA",30,"TERRENATE"
48429031,29,"TLAXCALA",31,"TETLA DE LA SOLIDARIDAD"
48429032,29,"TLAXCALA",32,"TETLATLAHUCA"
48429033,29,"TLAXCALA",33,"TLAXCALA"
48429034,29,"TLAXCALA",34,"TLAXCO"
48429035,29,"TLAXCALA",35,"TOCATLÁN"
48429036,29,"TLAXCALA",36,"TOTOLAC"
48429037,29,"TLAXCALA",37,"ZITLALTEPEC DE TRINIDAD SANCHEZ SANTOS"
48429038,29,"TLAXCALA",38,"TZOMPANTEPEC"
48429039,29,"TLAXCALA",39,"XALOZTOC"
48429040,29,"TLAXCALA",40,"XALTOCAN"
48429041,29,"TLAXCALA",41,"PAPALOTLA DE XICOHTÉNCATL"
48429042,29,"TLAXCALA",42,"XICOHTZINCO"
48429043,29,"TLAXCALA",43,"YAUHQUEMEHCAN"
48429044,29,"TLAXCALA",44,"ZACATELCO"
48429045,29,"TLAXCALA",45,"BENITO JUÁREZ"
48429046,29,"TLAXCALA",46,"EMILIANO ZAPATA"
48429047,29,"TLAXCALA",47,"LÁZARO CÁRDENAS"
48429048,29,"TLAXCALA",48,"LA MAGDALENA TLALTELULCO"
48429049,29,"TLAXCALA",49,"SAN DAMIÁN TEXÓLOC"
48429050,29,"TLAXCALA",50,"SAN FRANCISCO TETLANOHCAN"
48429051,29,"TLAXCALA",51,"SAN JERONIMO ZACUALPAN"
48429052,29,"TLAXCALA",52,"SAN JOSÉ TEACALCO"
48429053,29,"TLAXCALA",53,"SAN JUAN HUACTZINCO"
48429054,29,"TLAXCALA",54,"SAN LORENZO AXOCOMANITLA"
48429055,29,"TLAXCALA",55,"SAN LUCAS TECOPILCO"
48429056,29,"TLAXCALA",56,"SANTA ANA NOPALUCAN"
48429057,29,"TLAXCALA",57,"SANTA APOLONIA TEACALCO"
48429058,29,"TLAXCALA",58,"SANTA CATARINA AYOMETLA"
48429059,29,"TLAXCALA",59,"SANTA CRUZ QUILEHTLA"
48429060,29,"TLAXCALA",60,"SANTA ISABEL XILOXOXTLA"
48430001,30,"VERACRUZ DE IGNACIO DE LA LLAVE",1,"ACAJETE"
48430002,30,"VERACRUZ DE IGNACIO DE LA LLAVE",2,"ACATLÁN"
48430003,30,"VERACRUZ DE IGNACIO DE LA LLAVE",3,"ACAYUCAN"
48430004,30,"VERACRUZ DE IGNACIO DE LA LLAVE",4,"ACTOPAN"
48430005,30,"VERACRUZ DE IGNACIO DE LA LLAVE",5,"ACULA"
48430006,30,"VERACRUZ DE IGNACIO DE LA LLAVE",6,"ACULTZINGO"
48430007,30,"VERACRUZ DE IGNACIO DE LA LLAVE",7,"CAMARON DE TEJEDA"
48430008,30,"VERACRUZ DE IGNACIO DE LA LLAVE",8,"ALPATLAHUAC"
48430009,30,"VERACRUZ DE IGNACIO DE LA LLAVE",9,"ALTO LUCERO DE GUTIÉRREZ BARRIOS"
48430010,30,"VERACRUZ DE IGNACIO DE LA LLAVE",10,"ALTOTONGA"
48430011,30,"VERACRUZ DE IGNACIO DE LA LLAVE",11,"ALVARADO"
48430012,30,"VERACRUZ DE IGNACIO DE LA LLAVE",12,"AMATITLAN"
48430013,30,"VERACRUZ DE IGNACIO DE LA LLAVE",13,"NARANJOS AMATLÁN"
48430014,30,"VERACRUZ DE IGNACIO DE LA LLAVE",14,"AMATLÁN DE LOS REYES"
48430015,30,"VERACRUZ DE IGNACIO DE LA LLAVE",15,"ANGEL R. CABADA"
48430016,30,"VERACRUZ DE IGNACIO DE LA LLAVE",16,"LA ANTIGUA"
48430017,30,"VERACRUZ DE IGNACIO DE LA LLAVE",17,"APAZAPAN"
48430018,30,"VERACRUZ DE IGNACIO DE LA LLAVE",18,"AQUILA"
48430019,30,"VERACRUZ DE IGNACIO DE LA LLAVE",19,"ASTACINGA"
48430020,30,"VERACRUZ DE IGNACIO DE LA LLAVE",20,"ATLAHUILCO"
48430021,30,"VERACRUZ DE IGNACIO DE LA LLAVE",21,"ATOYAC"
48430022,30,"VERACRUZ DE IGNACIO DE LA LLAVE",22,"ATZACAN"
48430023,30,"VERACRUZ DE IGNACIO DE LA LLAVE",23,"ATZALAN"
48430024,30,"VERACRUZ DE IGNACIO DE LA LLAVE",24,"TLALTETELA"
48430025,30,"VERACRUZ DE IGNACIO DE LA LLAVE",25,"AYAHUALULCO"
48430026,30,"VERACRUZ DE IGNACIO DE LA LLAVE",26,"BANDERILLA"
48430027,30,"VERACRUZ DE IGNACIO DE LA LLAVE",27,"BENITO JUÁREZ"
48430028,30,"VERACRUZ DE IGNACIO DE LA LLAVE",28,"BOCA DEL RÍO"
48430029,30,"VERACRUZ DE IGNACIO DE LA LLAVE",29,"CALCAHUALCO"
48430030,30,"VERACRUZ DE IGNACIO DE LA LLAVE",30,"CAMERINO Z. MENDOZA"
48430031,30,"VERACRUZ DE IGNACIO DE LA LLAVE",31,"CARRILLO PUERTO"
48430032,30,"VERACRUZ DE IGNACIO DE LA LLAVE",32,"CATEMACO"
48430033,30,"VERACRUZ DE IGNACIO DE LA LLAVE",33,"CAZONES DE HERRERA"
48430034,30,"VERACRUZ DE IGNACIO DE LA LLAVE",34,"CERRO AZUL"
48430035,30,"VERACRUZ DE IGNACIO DE LA LLAVE",35,"CITLALTÉPETL"
48430036,30,"VERACRUZ DE IGNACIO DE LA LLAVE",36,"COACOATZINTLA"
48430037,30,"VERACRUZ DE IGNACIO DE LA LLAVE",37,"COAHUITLÁN"
48430038,30,"VERACRUZ DE IGNACIO DE LA LLAVE",38,"COATEPEC"
48430039,30,"VERACRUZ DE IGNACIO DE LA LLAVE",39,"COATZACOALCOS"
48430040,30,"VERACRUZ DE IGNACIO DE LA LLAVE",40,"COATZINTLA"
48430041,30,"VERACRUZ DE IGNACIO DE LA LLAVE",41,"COETZALA"
48430042,30,"VERACRUZ DE IGNACIO DE LA LLAVE",42,"COLIPA"
48430043,30,"VERACRUZ DE IGNACIO DE LA LLAVE",43,"COMAPA"
48430044,30,"VERACRUZ DE IGNACIO DE LA LLAVE",44,"CÓRDOBA"
48430045,30,"VERACRUZ DE IGNACIO DE LA LLAVE",45,"COSAMALOAPAN DE CARPIO"
48430046,30,"VERACRUZ DE IGNACIO DE LA LLAVE",46,"COSAUTLÁN DE CARVAJAL"
48430047,30,"VERACRUZ DE IGNACIO DE LA LLAVE",47,"COSCOMATEPEC"
48430048,30,"VERACRUZ DE IGNACIO DE LA LLAVE",48,"COSOLEACAQUE"
48430049,30,"VERACRUZ DE IGNACIO DE LA LLAVE",49,"COTAXTLA"
48430050,30,"VERACRUZ DE IGNACIO DE LA LLAVE",50,"COXQUIHUI"
48430051,30,"VERACRUZ DE IGNACIO DE LA LLAVE",51,"COYUTLA"
48430052,30,"VERACRUZ DE IGNACIO DE LA LLAVE",52,"CUICHAPA"
48430053,30,"VERACRUZ DE IGNACIO DE LA LLAVE",53,"CUITLÁHUAC"
48430054,30,"VERACRUZ DE IGNACIO DE LA LLAVE",54,"CHACALTIANGUIS"
48430055,30,"VERACRUZ DE IGNACIO DE LA LLAVE",55,"CHALMA"
48430056,30,"VERACRUZ DE IGNACIO DE LA LLAVE",56,"CHICONAMEL"
48430057,30,"VERACRUZ DE IGNACIO DE LA LLAVE",57,"CHICONQUIACO"
48430058,30,"VERACRUZ DE IGNACIO DE LA LLAVE",58,"CHICONTEPEC"
48430059,30,"VERACRUZ DE IGNACIO DE LA LLAVE",59,"CHINAMECA"
48430060,30,"VERACRUZ DE IGNACIO DE LA LLAVE",60,"CHINAMPA DE GOROSTIZA"
48430061,30,"VERACRUZ DE IGNACIO DE LA LLAVE",61,"LAS CHOAPAS"
48430062,30,"VERACRUZ DE IGNACIO DE LA LLAVE",62,"CHOCAMÁN"
48430063,30,"VERACRUZ DE IGNACIO DE LA LLAVE",63,"CHONTLA"
48430064,30,"VERACRUZ DE IGNACIO DE LA LLAVE",64,"CHUMATLAN"
48430065,30,"VERACRUZ DE IGNACIO DE LA LLAVE",65,"EMILIANO ZAPATA"
48430066,30,"VERACRUZ DE IGNACIO DE LA LLAVE",66,"ESPINAL"
48430067,30,"VERACRUZ DE IGNACIO DE LA LLAVE",67,"FILOMENO MATA"
48430068,30,"VERACRUZ DE IGNACIO DE LA LLAVE",68,"FORTÍN"
48430069,30,"VERACRUZ DE IGNACIO DE LA LLAVE",69,"GUTIÉRREZ ZAMORA"
48430070,30,"VERACRUZ DE IGNACIO DE LA LLAVE",70,"HIDALGOTITLÁN"
48430071,30,"VERACRUZ DE IGNACIO DE LA LLAVE",71,"HUATUSCO"
48430072,30,"VERACRUZ DE IGNACIO DE LA LLAVE",72,"HUAYACOCOTLA"
48430073,30,"VERACRUZ DE IGNACIO DE LA LLAVE",73,"HUEYAPAN DE OCAMPO"
48430074,30,"VERACRUZ DE IGNACIO DE LA LLAVE",74,"HUILOAPAN DE CUAUHTÉMOC"
48430075,30,"VERACRUZ DE IGNACIO DE LA LLAVE",75,"IGNACIO DE LA LLAVE"
48430076,30,"VERACRUZ DE IGNACIO DE LA LLAVE",76,"ILAMATLAN"
48430077,30,"VERACRUZ DE IGNACIO DE LA LLAVE",77,"ISLA"
48430078,30,"VERACRUZ DE IGNACIO DE LA LLAVE",78,"IXCATEPEC"
48430079,30,"VERACRUZ DE IGNACIO DE LA LLAVE",79,"IXHUACÁN DE LOS REYES"
48430080,30,"VERACRUZ DE IGNACIO DE LA LLAVE",80,"IXHUATLÁN DEL CAFÉ"
48430081,30,"VERACRUZ DE IGNACIO DE LA LLAVE",81,"IXHUATLANCILLO"
48430082,30,"VERACRUZ DE IGNACIO DE LA LLAVE",82,"IXHUATLÁN DEL SURESTE"
48430083,30,"VERACRUZ DE IGNACIO DE LA LLAVE",83,"IXHUATLÁN DE MADERO"
48430084,30,"VERACRUZ DE IGNACIO DE LA LLAVE",84,"IXMATLAHUACAN"
48430085,30,"VERACRUZ DE IGNACIO DE LA LLAVE",85,"IXTACZOQUITLÁN"
48430086,30,"VERACRUZ DE IGNACIO DE LA LLAVE",86,"JALACINGO"
48430087,30,"VERACRUZ DE IGNACIO DE LA LLAVE",87,"XALAPA"
48430088,30,"VERACRUZ DE IGNACIO DE LA LLAVE",88,"JALCOMULCO"
48430089,30,"VERACRUZ DE IGNACIO DE LA LLAVE",89,"JÁLTIPAN"
48430090,30,"VERACRUZ DE IGNACIO DE LA LLAVE",90,"JAMAPA"
48430091,30,"VERACRUZ DE IGNACIO DE LA LLAVE",91,"JESÚS CARRANZA"
48430092,30,"VERACRUZ DE IGNACIO DE LA LLAVE",92,"XICO"
48430093,30,"VERACRUZ DE IGNACIO DE LA LLAVE",93,"JILOTEPEC"
48430094,30,"VERACRUZ DE IGNACIO DE LA LLAVE",94,"JUAN RODRÍGUEZ CLARA"
48430095,30,"VERACRUZ DE IGNACIO DE LA LLAVE",95,"JUCHIQUE DE FERRER"
48430096,30,"VERACRUZ DE IGNACIO DE LA LLAVE",96,"LANDERO Y COSS"
48430097,30,"VERACRUZ DE IGNACIO DE LA LLAVE",97,"LERDO DE TEJADA"
48430098,30,"VERACRUZ DE IGNACIO DE LA LLAVE",98,"MAGDALENA"
48430099,30,"VERACRUZ DE IGNACIO DE LA LLAVE",99,"MALTRATA"
48430100,30,"VERACRUZ DE IGNACIO DE LA LLAVE",100,"MANLIO FABIO ALTAMIRANO"
48430101,30,"VERACRUZ DE IGNACIO DE LA LLAVE",101,"MARIANO ESCOBEDO"
48430102,30,"VERACRUZ DE IGNACIO DE LA LLAVE",102,"MARTÍNEZ DE LA TORRE"
48430103,30,"VERACRUZ DE IGNACIO DE LA LLAVE",103,"MECATLÁN"
48430104,30,"VERACRUZ DE IGNACIO DE LA LLAVE",104,"MECAYAPAN"
48430105,30,"VERACRUZ DE IGNACIO DE LA LLAVE",105,"MEDELLÍN DE BRAVO"
48430106,30,"VERACRUZ DE IGNACIO DE LA LLAVE",106,"MIAHUATLAN"
48430107,30,"VERACRUZ DE IGNACIO DE LA LLAVE",107,"LAS MINAS"
48430108,30,"VERACRUZ DE IGNACIO DE LA LLAVE",108,"MINATITLÁN"
48430109,30,"VERACRUZ DE IGNACIO DE LA LLAVE",109,"MISANTLA"
48430110,30,"VERACRUZ DE IGNACIO DE LA LLAVE",110,"MIXTLA DE ALTAMIRANO"
48430111,30,"VERACRUZ DE IGNACIO DE LA LLAVE",111,"MOLOACÁN"
48430112,30,"VERACRUZ DE IGNACIO DE LA LLAVE",112,"NAOLINCO"
48430113,30,"VERACRUZ DE IGNACIO DE LA LLAVE",113,"NARANJAL"
48430114,30,"VERACRUZ DE IGNACIO DE LA LLAVE",114,"NAUTLA"
48430115,30,"VERACRUZ DE IGNACIO DE LA LLAVE",115,"NOGALES"
48430116,30,"VERACRUZ DE IGNACIO DE LA LLAVE",116,"OLUTA"
48430117,30,"VERACRUZ DE IGNACIO DE LA LLAVE",117,"OMEALCA"
48430118,30,"VERACRUZ DE IGNACIO DE LA LLAVE",118,"ORIZABA"
48430119,30,"VERACRUZ DE IGNACIO DE LA LLAVE",119,"OTATITLÁN"
48430120,30,"VERACRUZ DE IGNACIO DE LA LLAVE",120,"OTEAPAN"
48430121,30,"VERACRUZ DE IGNACIO DE LA LLAVE",121,"OZULUAMA DE MASCAREÑAS"
48430122,30,"VERACRUZ DE IGNACIO DE LA LLAVE",122,"PAJAPAN"
48430123,30,"VERACRUZ DE IGNACIO DE LA LLAVE",123,"PÁNUCO"
48430124,30,"VERACRUZ DE IGNACIO DE LA LLAVE",124,"PAPANTLA"
48430125,30,"VERACRUZ DE IGNACIO DE LA LLAVE",125,"PASO DEL MACHO"
48430126,30,"VERACRUZ DE IGNACIO DE LA LLAVE",126,"PASO DE OVEJAS"
48430127,30,"VERACRUZ DE IGNACIO DE LA LLAVE",127,"LA PERLA"
48430128,30,"VERACRUZ DE IGNACIO DE LA LLAVE",128,"PEROTE"
48430129,30,"VERACRUZ DE IGNACIO DE LA LLAVE",129,"PLATÓN SÁNCHEZ"
48430130,30,"VERACRUZ DE IGNACIO DE LA LLAVE",130,"PLAYA VICENTE"
48430131,30,"VERACRUZ DE IGNACIO DE LA LLAVE",131,"POZA RICA DE HIDALGO"
48430132,30,"VERACRUZ DE IGNACIO DE LA LLAVE",132,"LAS VIGAS DE RAMÍREZ"
48430133,30,"VERACRUZ DE IGNACIO DE LA LLAVE",133,"PUEBLO VIEJO"
48430134,30,"VERACRUZ DE IGNACIO DE LA LLAVE",134,"PUENTE NACIONAL"
48430135,30,"VERACRUZ DE IGNACIO DE LA LLAVE",135,"RAFAEL DELGADO"
48430136,30,"VERACRUZ DE IGNACIO DE LA LLAVE",136,"RAFAEL LUCIO"
48430137,30,"VERACRUZ DE IGNACIO DE LA LLAVE",137,"LOS REYES"
48430138,30,"VERACRUZ DE IGNACIO DE LA LLAVE",138,"RIO BLANCO"
48430139,30,"VERACRUZ DE IGNACIO DE LA LLAVE",139,"SALTABARRANCA"
48430140,30,"VERACRUZ DE IGNACIO DE LA LLAVE",140,"SAN ANDRÉS TENEJAPAN"
48430141,30,"VERACRUZ DE IGNACIO DE LA LLAVE",141,"SAN ANDRÉS TUXTLA"
48430142,30,"VERACRUZ DE IGNACIO DE LA LLAVE",142,"SAN JUAN EVANGELISTA"
48430143,30,"VERACRUZ DE IGNACIO DE LA LLAVE",143,"SANTIAGO TUXTLA"
48430144,30,"VERACRUZ DE IGNACIO DE LA LLAVE",144,"SAYULA DE ALEMÁN"
48430145,30,"VERACRUZ DE IGNACIO DE LA LLAVE",145,"SOCONUSCO"
48430146,30,"VERACRUZ DE IGNACIO DE LA LLAVE",146,"SOCHIAPA"
48430147,30,"VERACRUZ DE IGNACIO DE LA LLAVE",147,"SOLEDAD ATZOMPA"
48430148,30,"VERACRUZ DE IGNACIO DE LA LLAVE",148,"SOLEDAD DE DOBLADO"
48430149,30,"VERACRUZ DE IGNACIO DE LA LLAVE",149,"SOTEAPAN"
48430150,30,"VERACRUZ DE IGNACIO DE LA LLAVE",150,"TAMALÍN"
48430151,30,"VERACRUZ DE IGNACIO DE LA LLAVE",151,"TAMIAHUA"
48430152,30,"VERACRUZ DE IGNACIO DE LA LLAVE",152,"TAMPICO ALTO"
48430153,30,"VERACRUZ DE IGNACIO DE LA LLAVE",153,"TANCOCO"
48430154,30,"VERACRUZ DE IGNACIO DE LA LLAVE",154,"TANTIMA"
48430155,30,"VERACRUZ DE IGNACIO DE LA LLAVE",155,"TANTOYUCA"
48430156,30,"VERACRUZ DE IGNACIO DE LA LLAVE",156,"TATATILA"
48430157,30,"VERACRUZ DE IGNACIO DE LA LLAVE",157,"CASTILLO DE TEAYO"
48430158,30,"VERACRUZ DE IGNACIO DE LA LLAVE",158,"TECOLUTLA"
48430159,30,"VERACRUZ DE IGNACIO DE LA LLAVE",159,"TEHUIPANGO"
48430160,30,"VERACRUZ DE IGNACIO DE LA LLAVE",160,"ÁLAMO TEMAPACHE"
48430161,30,"VERACRUZ DE IGNACIO DE LA LLAVE",161,"TEMPOAL"
48430162,30,"VERACRUZ DE IGNACIO DE LA LLAVE",162,"TENAMPA"
48430163,30,"VERACRUZ DE IGNACIO DE LA LLAVE",163,"TENOCHTITLÁN"
48430164,30,"VERACRUZ DE IGNACIO DE LA LLAVE",164,"TEOCELO"
48430165,30,"VERACRUZ DE IGNACIO DE LA LLAVE",165,"TEPATLAXCO"
48430166,30,"VERACRUZ DE IGNACIO DE LA LLAVE",166,"TEPETLÁN"
48430167,30,"VERACRUZ DE IGNACIO DE LA LLAVE",167,"TEPETZINTLA"
48430168,30,"VERACRUZ DE IGNACIO DE LA LLAVE",168,"TEQUILA"
48430169,30,"VERACRUZ DE IGNACIO DE LA LLAVE",169,"JOSÉ AZUETA"
48430170,30,"VERACRUZ DE IGNACIO DE LA LLAVE",170,"TEXCATEPEC"
48430171,30,"VERACRUZ DE IGNACIO DE LA LLAVE",171,"TEXHUACÁN"
48430172,30,"VERACRUZ DE IGNACIO DE LA LLAVE",172,"TEXISTEPEC"
48430173,30,"VERACRUZ DE IGNACIO DE LA LLAVE",173,"TEZONAPA"
48430174,30,"VERACRUZ DE IGNACIO DE LA LLAVE",174,"TIERRA BLANCA"
48430175,30,"VERACRUZ DE IGNACIO DE LA LLAVE",175,"TIHUATLÁN"
48430176,30,"VERACRUZ DE IGNACIO DE LA LLAVE",176,"TLACOJALPAN"
48430177,30,"VERACRUZ DE IGNACIO DE LA LLAVE",177,"TLACOLULAN"
48430178,30,"VERACRUZ DE IGNACIO DE LA LLAVE",178,"TLACOTALPAN"
48430179,30,"VERACRUZ DE IGNACIO DE LA LLAVE",179,"TLACOTEPEC DE MEJÍA"
48430180,30,"VERACRUZ DE IGNACIO DE LA LLAVE",180,"TLACHICHILCO"
48430181,30,"VERACRUZ DE IGNACIO DE LA LLAVE",181,"TLALIXCOYAN"
48430182,30,"VERACRUZ DE IGNACIO DE LA LLAVE",182,"TLALNELHUAYOCAN"
48430183,30,"VERACRUZ DE IGNACIO DE LA LLAVE",183,"TLAPACOYAN"
48430184,30,"VERACRUZ DE IGNACIO DE LA LLAVE",184,"TLAQUILPA"
48430185,30,"VERACRUZ DE IGNACIO DE LA LLAVE",185,"TLILAPAN"
48430186,30,"VERACRUZ DE IGNACIO DE LA LLAVE",186,"TOMATLAN"
48430187,30,"VERACRUZ DE IGNACIO DE LA LLAVE",187,"TONAYAN"
48430188,30,"VERACRUZ DE IGNACIO DE LA LLAVE",188,"TOTUTLA"
48430189,30,"VERACRUZ DE IGNACIO DE LA LLAVE",189,"TUXPAN"
48430190,30,"VERACRUZ DE IGNACIO DE LA LLAVE",190,"TUXTILLA"
48430191,30,"VERACRUZ DE IGNACIO DE LA LLAVE",191,"URSULO GALVÁN"
48430192,30,"VERACRUZ DE IGNACIO DE LA LLAVE",192,"VEGA DE ALATORRE"
48430193,30,"VERACRUZ DE IGNACIO DE LA LLAVE",193,"VERACRUZ"
48430194,30,"VERACRUZ DE IGNACIO DE LA LLAVE",194,"VILLA ALDAMA"
48430195,30,"VERACRUZ DE IGNACIO DE LA LLAVE",195,"XOXOCOTLA"
48430196,30,"VERACRUZ DE IGNACIO DE LA LLAVE",196,"YANGA"
48430197,30,"VERACRUZ DE IGNACIO DE LA LLAVE",197,"YECUATLA"
48430198,30,"VERACRUZ DE IGNACIO DE LA LLAVE",198,"ZACUALPAN"
48430199,30,"VERACRUZ DE IGNACIO DE LA LLAVE",199,"ZARAGOZA"
48430200,30,"VERACRUZ DE IGNACIO DE LA LLAVE",200,"ZENTLA"
48430201,30,"VERACRUZ DE IGNACIO DE LA LLAVE",201,"ZONGOLICA"
48430202,30,"VERACRUZ DE IGNACIO DE LA LLAVE",202,"ZONTECOMATLÁN DE LÓPEZ Y FUENTES"
48430203,30,"VERACRUZ DE IGNACIO DE LA LLAVE",203,"ZOZOCOLCO DE HIDALGO"
48430204,30,"VERACRUZ DE IGNACIO DE LA LLAVE",204,"AGUA DULCE"
48430205,30,"VERACRUZ DE IGNACIO DE LA LLAVE",205,"EL HIGO"
48430206,30,"VERACRUZ DE IGNACIO DE LA LLAVE",206,"NANCHITAL DE LÁZARO CÁRDENAS DEL RÍO"
48430207,30,"VERACRUZ DE IGNACIO DE LA LLAVE",207,"TRES VALLES"
48430208,30,"VERACRUZ DE IGNACIO DE LA LLAVE",208,"CARLOS A. CARRILLO"
48430209,30,"VERACRUZ DE IGNACIO DE LA LLAVE",209,"TATAHUICAPAN DE JUÁREZ"
48430210,30,"VERACRUZ DE IGNACIO DE LA LLAVE",210,"UXPANAPA"
48430211,30,"VERACRUZ DE IGNACIO DE LA LLAVE",211,"SAN RAFAEL"
48430212,30,"VERACRUZ DE IGNACIO DE LA LLAVE",212,"SANTIAGO SOCHIAPAN"
48431001,31,"YUCATÁN",1,"ABALÁ"
48431002,31,"YUCATÁN",2,"ACANCEH"
48431003,31,"YUCATÁN",3,"AKIL"
48431004,31,"YUCATÁN",4,"BACA"
48431005,31,"YUCATÁN",5,"BOKOBÁ"
48431006,31,"YUCATÁN",6,"BUCTZOTZ"
48431007,31,"YUCATÁN",7,"CACALCHÉN"
48431008,31,"YUCATÁN",8,"CALOTMUL"
48431009,31,"YUCATÁN",9,"CANSAHCAB"
48431010,31,"YUCATÁN",10,"CANTAMAYEC"
48431011,31,"YUCATÁN",11,"CELESTÚN"
48431012,31,"YUCATÁN",12,"CENOTILLO"
48431013,31,"YUCATÁN",13,"CONKAL"
48431014,31,"YUCATÁN",14,"CUNCUNUL"
48431015,31,"YUCATÁN",15,"CUZAMÁ"
48431016,31,"YUCATÁN",16,"CHACSINKÍN"
48431017,31,"YUCATÁN",17,"CHANKOM"
48431018,31,"YUCATÁN",18,"CHAPAB"
48431019,31,"YUCATÁN",19,"CHEMAX"
48431020,31,"YUCATÁN",20,"CHICXULUB PUEBLO"
48431021,31,"YUCATÁN",21,"CHICHIMILÁ"
48431022,31,"YUCATÁN",22,"CHIKINDZONOT"
48431023,31,"YUCATÁN",23,"CHOCHOLÁ"
48431024,31,"YUCATÁN",24,"CHUMAYEL"
48431025,31,"YUCATÁN",25,"DZAN"
48431026,31,"YUCATÁN",26,"DZEMUL"
48431027,31,"YUCATÁN",27,"DZIDZANTÚN"
48431028,31,"YUCATÁN",28,"DZILAM DE BRAVO"
48431029,31,"YUCATÁN",29,"DZILAM GONZÁLEZ"
48431030,31,"YUCATÁN",30,"DZITÁS"
48431031,31,"YUCATÁN",31,"DZONCAUICH"
48431032,31,"YUCATÁN",32,"ESPITA"
48431033,31,"YUCATÁN",33,"HALACHÓ"
48431034,31,"YUCATÁN",34,"HOCABÁ"
48431035,31,"YUCATÁN",35,"HOCTÚN"
48431036,31,"YUCATÁN",36,"HOMÚN"
48431037,31,"YUCATÁN",37,"HUHÍ"
48431038,31,"YUCATÁN",38,"HUNUCMÁ"
48431039,31,"YUCATÁN",39,"IXIL"
48431040,31,"YUCATÁN",40,"IZAMAL"
48431041,31,"YUCATÁN",41,"KANASÍN"
48431042,31,"YUCATÁN",42,"KANTUNIL"
48431043,31,"YUCATÁN",43,"KAUA"
48431044,31,"YUCATÁN",44,"KINCHIL"
48431045,31,"YUCATÁN",45,"KOPOMÁ"
48431046,31,"YUCATÁN",46,"MAMA"
48431047,31,"YUCATÁN",47,"MANÍ"
48431048,31,"YUCATÁN",48,"MAXCANÚ"
48431049,31,"YUCATÁN",49,"MAYAPÁN"
48431050,31,"YUCATÁN",50,"MÉRIDA"
48431051,31,"YUCATÁN",51,"MOCOCHÁ"
48431052,31,"YUCATÁN",52,"MOTUL"
48431053,31,"YUCATÁN",53,"MUNA"
48431054,31,"YUCATÁN",54,"MUXUPIP"
48431055,31,"YUCATÁN",55,"OPICHÉN"
48431056,31,"YUCATÁN",56,"OXKUTZCAB"
48431057,31,"YUCATÁN",57,"PANABÁ"
48431058,31,"YUCATÁN",58,"PETO"
48431059,31,"YUCATÁN",59,"PROGRESO"
48431060,31,"YUCATÁN",60,"QUINTANA ROO"
48431061,31,"YUCATÁN",61,"RÍO LAGARTOS"
48431062,31,"YUCATÁN",62,"SACALUM"
48431063,31,"YUCATÁN",63,"SAMAHIL"
48431064,31,"YUCATÁN",64,"SANAHCAT"
48431065,31,"YUCATÁN",65,"SAN FELIPE"
48431066,31,"YUCATÁN",66,"SANTA ELENA"
48431067,31,"YUCATÁN",67,"SEYÉ"
48431068,31,"YUCATÁN",68,"SINANCHÉ"
48431069,31,"YUCATÁN",69,"SOTUTA"
48431070,31,"YUCATÁN",70,"SUCILÁ"
48431071,31,"YUCATÁN",71,"SUDZAL"
48431072,31,"YUCATÁN",72,"SUMA"
48431073,31,"YUCATÁN",73,"TAHDZIÚ"
48431074,31,"YUCATÁN",74,"TAHMEK"
48431075,31,"YUCATÁN",75,"TEABO"
48431076,31,"YUCATÁN",76,"TECOH"
48431077,31,"YUCATÁN",77,"TEKAL DE VENEGAS"
48431078,31,"YUCATÁN",78,"TEKANTÓ"
48431079,31,"YUCATÁN",79,"TEKAX"
48431080,31,"YUCATÁN",80,"TEKIT"
48431081,31,"YUCATÁN",81,"TEKOM"
48431082,31,"YUCATÁN",82,"TELCHAC PUEBLO"
48431083,31,"YUCATÁN",83,"TELCHAC PUERTO"
48431084,31,"YUCATÁN",84,"TEMAX"
48431085,31,"YUCATÁN",85,"TEMOZÓN"
48431086,31,"YUCATÁN",86,"TEPAKÁN"
48431087,31,"YUCATÁN",87,"TETIZ"
48431088,31,"YUCATÁN",88,"TEYA"
48431089,31,"YUCATÁN",89,"TICUL"
48431090,31,"YUCATÁN",90,"TIMUCUY"
48431091,31,"YUCATÁN",91,"TINUM"
48431092,31,"YUCATÁN",92,"TIXCACALCUPUL"
48431093,31,"YUCATÁN",93,"TIXKOKOB"
48431094,31,"YUCATÁN",94,"TIXMEHUAC"
48431095,31,"YUCATÁN",95,"TIXPÉHUAL"
48431096,31,"YUCATÁN",96,"TIZIMÍN"
48431097,31,"YUCATÁN",97,"TUNKÁS"
48431098,31,"YUCATÁN",98,"TZUCACAB"
48431099,31,"YUCATÁN",99,"UAYMA"
48431100,31,"YUCATÁN",100,"UCÚ"
48431101,31,"YUCATÁN",101,"UMÁN"
48431102,31,"YUCATÁN",102,"VALLADOLID"
48431103,31,"YUCATÁN",103,"XOCCHEL"
48431104,31,"YUCATÁN",104,"YAXCABÁ"
48431105,31,"YUCATÁN",105,"YAXKUKUL"
48431106,31,"YUCATÁN",106,"YOBAÍN"
48432001,32,"ZACATECAS",1,"APOZOL"
48432002,32,"ZACATECAS",2,"APULCO"
48432003,32,"ZACATECAS",3,"ATOLINGA"
48432004,32,"ZACATECAS",4,"BENITO JUÁREZ"
48432005,32,"ZACATECAS",5,"CALERA"
48432006,32,"ZACATECAS",6,"CAÑITAS DE FELIPE PESCADOR"
48432007,32,"ZACATECAS",7,"CONCEPCIÓN DEL ORO"
48432008,32,"ZACATECAS",8,"CUAUHTÉMOC"
48432009,32,"ZACATECAS",9,"CHALCHIHUITES"
48432010,32,"ZACATECAS",10,"FRESNILLO"
48432011,32,"ZACATECAS",11,"TRINIDAD GARCÍA DE LA CADENA"
48432012,32,"ZACATECAS",12,"GENARO CODINA"
48432013,32,"ZACATECAS",13,"GENERAL ENRIQUE ESTRADA"
48432014,32,"ZACATECAS",14,"GENERAL FRANCISCO R. MURGUÍA"
48432015,32,"ZACATECAS",15,"EL PLATEADO DE JOAQUÍN AMARO"
48432016,32,"ZACATECAS",16,"GENERAL PÁNFILO NATERA"
48432017,32,"ZACATECAS",17,"GUADALUPE"
48432018,32,"ZACATECAS",18,"HUANUSCO"
48432019,32,"ZACATECAS",19,"JALPA"
48432020,32,"ZACATECAS",20,"JEREZ"
48432021,32,"ZACATECAS",21,"JIMÉNEZ DEL TEUL"
48432022,32,"ZACATECAS",22,"JUAN ALDAMA"
48432023,32,"ZACATECAS",23,"JUCHIPILA"
48432024,32,"ZACATECAS",24,"LORETO"
48432025,32,"ZACATECAS",25,"LUIS MOYA"
48432026,32,"ZACATECAS",26,"MAZAPIL"
48432027,32,"ZACATECAS",27,"MELCHOR OCAMPO"
48432028,32,"ZACATECAS",28,"MEZQUITAL DEL ORO"
48432029,32,"ZACATECAS",29,"MIGUEL AUZA"
48432030,32,"ZACATECAS",30,"MOMAX"
48432031,32,"ZACATECAS",31,"MONTE ESCOBEDO"
48432032,32,"ZACATECAS",32,"MORELOS"
48432033,32,"ZACATECAS",33,"MOYAHUA DE ESTRADA"
48432034,32,"ZACATECAS",34,"NOCHISTLÁN DE MEJÍA"
48432035,32,"ZACATECAS",35,"NORIA DE ÁNGELES"
48432036,32,"ZACATECAS",36,"OJOCALIENTE"
48432037,32,"ZACATECAS",37,"PÁNUCO"
48432038,32,"ZACATECAS",38,"PINOS"
48432039,32,"ZACATECAS",39,"RÍO GRANDE"
48432040,32,"ZACATECAS",40,"SAIN ALTO"
48432041,32,"ZACATECAS",41,"EL SALVADOR"
48432042,32,"ZACATECAS",42,"SOMBRERETE"
48432043,32,"ZACATECAS",43,"SUSTICACAN"
48432044,32,"ZACATECAS",44,"TABASCO"
48432045,32,"ZACATECAS",45,"TEPECHITLÁN"
48432046,32,"ZACATECAS",46,"TEPETONGO"
48432047,32,"ZACATECAS",47,"TEÚL DE GONZÁLEZ ORTEGA"
48432048,32,"ZACATECAS",48,"TLALTENANGO DE SÁNCHEZ ROMÁN"
48432049,32,"ZACATECAS",49,"VALPARAÍSO"
48432050,32,"ZACATECAS",50,"VETAGRANDE"
48432051,32,"ZACATECAS",51,"VILLA DE COS"
48432052,32,"ZACATECAS",52,"VILLA GARCÍA"
48432053,32,"ZACATECAS",53,"VILLA GONZÁLEZ ORTEGA"
48432054,32,"ZACATECAS",54,"VILLA HIDALGO"
48432055,32,"ZACATECAS",55,"VILLANUEVA"
48432056,32,"ZACATECAS",56,"ZACATECAS"
48432057,32,"ZACATECAS",57,"TRANCOSO"
48432058,32,"ZACATECAS",58,"SANTA MARIA DE LA PAZ"
